symbol,NCG_driver,NCG_cgc_annotation,NCG_vogelstein_annotation,NCG_saito_annotation,NCG_pubmed_id,NCG_cancer_type
ABCF1,Candidate,NA,NA,NA,31444325,multiple_myeloma
ABL1,OCG,"oncogene, fusion",Oncogene,NA,"29625053, 14993899, 29489755, 23539594",NA
ABL2,OCG,"oncogene, fusion",NA,NA,14993899,NA
ACO1,Candidate,NA,NA,NA,24390350,pan-cancer_adult
ACTB,Candidate,NA,NA,NA,"30606723, 28128360, 22343534, 29489755, 28988769","dlblc, follicular_lymphoma, pan-cancer_adult, diffuse_large_B-cell_lymphoma, pan-cancer_paediatric, bladder_cancer"
ACTG1,Candidate,NA,NA,NA,"26451490, 31444325","breast_cancer, multiple_myeloma"
ACVR1,OCG,oncogene,NA,NA,"29625053, 24705254, 24705250, 14993899, 29489754, 24705252, 24705251",NA
ACVR1B,TSG,NA,TSG,NA,"26909576, 29625053, 22810696, 30718927, 26804919, 28667006, 20668451, 24132290, 24390350, 27311963, 32025015, 23539594, 26806338",NA
ACVR2A,TSG,TSG,NA,NA,"26909576, 29625053, 29622464, 22810696, 30718927, 27064257, 27064257, 14993899, 27149842, 29945994, 28667006, 24132290, 32025015, 25822088, 28622513, 25362482, 22037554, 24816253, 26806338",NA
ACVR2B,Candidate,NA,NA,NA,24390350,pan-cancer_adult
ADAM10,Candidate,NA,NA,NA,"22343534, 27311963","diffuse_large_B-cell_lymphoma, pan-cancer_adult"
ADCY1,Candidate,NA,NA,NA,22941189,small_cell_lung_cancer
ADCY2,Candidate,NA,NA,NA,29354286,pan-cancer_adult
ADCY3,Candidate,NA,NA,NA,27311963,pan-cancer_adult
ADCY5,Candidate,NA,NA,NA,27311963,pan-cancer_adult
ADCY8,Candidate,NA,NA,NA,21798893,squamous_head_and_neck_cancer
ADD2,Candidate,NA,NA,NA,"27149842, 28362259","colorectal_adenocarcinoma, pan-cancer_adult"
ADD3,Candidate,NA,NA,NA,29489755,pan-cancer_paediatric
ADH1B,Candidate,NA,NA,NA,25362482,hepatocellular_carcinoma
PARP4,Candidate,NA,NA,NA,26451490,breast_cancer
ADRA1B,Candidate,NA,NA,NA,27311963,pan-cancer_adult
ADRA1A,Candidate,NA,NA,NA,27064257,"hepatocellular_carcinoma, cholangiocarcinoma"
ADRB3,Candidate,NA,NA,NA,28362259,pan-cancer_adult
AP2A1,Candidate,NA,NA,NA,28362259,pan-cancer_adult
AP1B1,Candidate,NA,NA,NA,27311963,pan-cancer_adult
AFM,Candidate,NA,NA,NA,24120142,glioblastoma
ACAN,Candidate,NA,NA,NA,26824661,pan-glioma
JAG1,Candidate,NA,NA,NA,"25730765, 26909576, 25501392","acute_lymphocytic_leukemia, pancreatic_cancer_(all_histologies), pan-cancer_adult"
AGTR2,Candidate,NA,NA,NA,27161491,breast_cancer
APLNR,Candidate,NA,NA,NA,20668451,lung_cancer_(all_histologies)
AKT1,OCG,oncogene,Oncogene,Oncogene,"29625053, 22722202, 22610119, 24633157, 29622464, 23000897, 26451490, 23348505, 14993899, 27348297, 20668451, 24132290, 24390350, 28027327, 29489755, 27135926, 27161491, 32025015, 26000489, 32494066, 22722201, 26544944, 28452984, 23539594, 26939876, 26099045",NA
AKT2,OCG,oncogene,NA,Oncogene,"14993899, 23619167, 27311963, 27135926, 32494066, 22722201, 26099045",NA
ALB,Candidate,NA,NA,NA,"29625053, 28297679, 22634756, 27064257, 27064257, 29354286, 32025015, 32025015, 25822088, 32024818, 28622513","pan-cancer_adult, cholangiocarcinoma, hepatocellular_carcinoma, hepatocellular_carcinoma, cholangiocarcinoma, hepatocellular_carcinoma, cholangiocarcinoma, pan-cancer_adult, pan-cancer_adult, pan-cancer_adult, hepatocellular_carcinoma, pan-cancer_adult, hepatocellular_carcinoma"
ABCD1,Candidate,NA,NA,NA,26824661,pan-glioma
ALDOA,Candidate,NA,NA,NA,28658208,breast_cancer
ALK,OCG,"oncogene, fusion",Oncogene,Oncogene,"29625053, 26121087, 14993899, 29489754, 27009842, 24390350, 29489755, 24974848, 23334666, 32494066, 23202128, 23539594, 26939876, 24755198",NA
ALOX12,Candidate,NA,NA,NA,21430775,multiple_myeloma
ALOX12B,Candidate,NA,NA,NA,28362259,pan-cancer_adult
AMPH,Candidate,NA,NA,NA,22922871,hepatocellular_carcinoma
AMY2B,Candidate,NA,NA,NA,23636398,endometrial_cancer
ANG,Candidate,NA,NA,NA,31954095,pan-cancer_adult
ANGPT1,Candidate,NA,NA,NA,21499247,melanoma
ANK1,Candidate,NA,NA,NA,14993899,NA
ANK2,Candidate,NA,NA,NA,"21822268, 24121792, 26625313","bladder_cancer, bladder_cancer, bladder_cancer"
ANK3,Candidate,NA,NA,NA,"21822268, 24121792, 24390350, 27311963, 26121086, 26625313","bladder_cancer, bladder_cancer, pan-cancer_adult, pan-cancer_adult, neuroblastoma, bladder_cancer"
ANPEP,Candidate,NA,NA,NA,25351205,clear_cell_renal_cancer
ANXA2,Candidate,NA,NA,NA,28362259,pan-cancer_adult
AOX1,Candidate,NA,NA,NA,26824661,pan-glioma
APC,TSG,TSG,TSG,TSG,"29625053, 22610119, 21892161, 27158780, 22810696, 22810696, 25079317, 24700472, 18948947, 28297679, 30718927, 14993899, 27149842, 26804919, 22722839, 29945994, 28667006, 24132290, 24390350, 22327622, 29622466, 27311963, 27135926, 32025015, 26000489, 32494066, 22895193, 32024818, 22722201, 28551381, 23539594, 26939876, 26806338, 26099045, 26998897",NA
BIRC3,Candidate,"oncogene, TSG, fusion",NA,NA,"30606723, 14993899, 29354286, 26466571",NA
APOB,Candidate,NA,NA,NA,"29625053, 27064257, 27064257, 26121086, 28622513, 22484628","pan-cancer_adult, hepatocellular_carcinoma, cholangiocarcinoma, hepatocellular_carcinoma, cholangiocarcinoma, neuroblastoma, hepatocellular_carcinoma, gastric_adenocarcinoma"
KLK3,Candidate,NA,NA,NA,27063598,acute_promyelocytic_leukemia
FAS,TSG,TSG,NA,NA,"26192916, 14993899, 26437031, 21796119, 26939876",NA
AQP7,Candidate,NA,NA,NA,28362259,pan-cancer_adult
AR,OCG,oncogene,Oncogene,Oncogene,"29625053, 22981675, 14993899, 22722839, 24132290, 30132154, 26000489, 32494066, 23539594",NA
ARAF,OCG,oncogene,NA,Oncogene,"29625053, 28297679, 14993899, 32494066",NA
TRIM23,Candidate,NA,NA,NA,24390350,pan-cancer_adult
AREG,Candidate,NA,NA,NA,25501392,pan-cancer_adult
RHOA,OCG,"oncogene, TSG",NA,Oncogene,"29625053, 24476821, 25079317, 28522256, 26192916, 14993899, 29489754, 29354286, 24816255, 26437031, 24390350, 29622466, 30926794, 27311963, 26574607, 27135926, 24413734, 31558468, 31558468, 23143595, 28988769, 32494066, 24413737, 24816253, 24584070",NA
RHOB,Candidate,NA,NA,NA,"29625053, 24476821, 28988769","pan-cancer_adult, bladder_cancer, bladder_cancer"
ARHGAP4,Candidate,NA,NA,NA,25501392,pan-cancer_adult
ARHGAP5,OCG,oncogene,NA,NA,14993899,NA
RHOH,TSG,"TSG, fusion",NA,NA,"30606723, 14993899, 29354286",NA
ARNT,Candidate,"oncogene, TSG, fusion",NA,NA,14993899,NA
ARNTL,Candidate,NA,NA,NA,27311963,pan-cancer_adult
ARSD,Candidate,NA,NA,NA,"28249600, 28479318","acute_myeloid_leukemia, cutaneous_DLBCL"
ASL,Candidate,NA,NA,NA,22156295,pancreatic_ductal_adenocarcinoma
ASTN1,Candidate,NA,NA,NA,"18772396, 27058444","glioblastoma, esophageal_squamous_carcinoma"
ZFHX3,TSG,TSG,NA,NA,"29625053, 23636398, 30718927, 14993899, 27348297, 22722839, 21822268, 24390350, 26503331, 27311963, 26000489",NA
ATF1,OCG,"oncogene, fusion",NA,NA,14993899,NA
ATM,TSG,TSG,TSG,TSG,"26909576, 29625053, 24121791, 22610119, 22981675, 29622464, 23103869, 27158780, 28256603, 18948947, 28297679, 22634756, 14993899, 24487277, 26804919, 30107175, 24121792, 22980975, 29945994, 27687306, 24132290, 26632267, 23415222, 26466571, 24390350, 25501392, 22327622, 22327622, 29622466, 27311963, 27135926, 24413734, 22158541, 32025015, 28988769, 26000489, 32494066, 22895193, 32024818, 26544944, 28810144, 23539594, 22150006, 26939876",NA
ATP1A1,Candidate,"oncogene, TSG",NA,NA,14993899,NA
ATP2A2,Candidate,NA,NA,NA,"27311963, 21399634","pan-cancer_adult, acute_monocytic_leukemia"
ATP2B3,TSG,TSG,NA,NA,14993899,NA
ATP4A,Candidate,NA,NA,NA,22484628,gastric_adenocarcinoma
ATP5F1B,Candidate,NA,NA,NA,24390350,pan-cancer_adult
ATP6V1B2,Candidate,NA,NA,NA,"28064239, 27311963","follicular_lymphoma, pan-cancer_adult"
ATP6V0B,Candidate,NA,NA,NA,27311963,pan-cancer_adult
ATP6V1G2,Candidate,NA,NA,NA,27311963,pan-cancer_adult
ATP6AP1,Candidate,NA,NA,NA,27311963,pan-cancer_adult
ATR,TSG,TSG,NA,NA,"29625053, 23636398, 14993899, 24132290, 27135926, 26099045",NA
ATRX,TSG,TSG,TSG,TSG,"29625053, 24120142, 26061751, 26824661, 24705250, 14993899, 29489754, 21252315, 24336570, 24132290, 26632267, 27009842, 29489755, 27311963, 31320640, 31320640, 27135926, 25743702, 23334666, 32494066, 22286061, 29100075, 23539594, 27270107, 24705251, 23583981, 24880341, 25301631",NA
KIF1A,Candidate,NA,NA,NA,29625053,pan-cancer_adult
AZGP1,Candidate,NA,NA,NA,24390350,pan-cancer_adult
B2M,TSG,TSG,TSG,NA,"29625053, 29622464, 26091043, 30606723, 30718927, 14993899, 26437031, 24390350, 25501392, 29622466, 22343534, 21796119, 27311963, 24413734, 21804550, 32025015, 23539594",NA
ADGRB3,Candidate,NA,NA,NA,"18772397, 20668451, 22484628, 23583981","pancreatic_ductal_adenocarcinoma, lung_cancer_(all_histologies), gastric_adenocarcinoma, paediatric_low_grade_glioma"
BARD1,TSG,TSG,NA,NA,14993899,NA
BAX,TSG,TSG,NA,NA,"14993899, 32025015",NA
CCND1,OCG,"oncogene, fusion",NA,Oncogene,"29625053, 29622464, 23636398, 21430775, 28297679, 27064257, 14993899, 27348297, 24132290, 24390350, 25501392, 28098136, 31444325, 27311963, 26258846, 27135926, 28352668, 26000489, 32494066, 25362482, 24705251, 26099045",NA
BCL2,OCG,"oncogene, fusion",Oncogene,NA,"29625053, 30606723, 14993899, 29354286, 29354286, 28064239, 28128360, 21796119, 21804550, 32024818, 23539594",NA
BCL3,OCG,"oncogene, fusion",NA,NA,"28297679, 14993899",NA
BCL6,OCG,"oncogene, fusion",NA,NA,"30606723, 27064257, 14993899, 29354286, 21796119, 27311963, 31558468, 31558468, 32024818",NA
BCL7A,Candidate,NA,NA,NA,"29354286, 28064239, 28128360, 31444325, 31558468, 31558468","pan-cancer_adult, follicular_lymphoma, pan-cancer_adult, multiple_myeloma, burkitt lymphoma, burkitt lymphoma"
BCL9,OCG,"oncogene, fusion",NA,NA,"14993899, 29622466",NA
TNFRSF17,OCG,"oncogene, fusion",NA,NA,14993899,NA
BCR,Candidate,NA,NA,NA,"29489754, 22343534, 26648538, 31558468","pan-cancer_paediatric, diffuse_large_B-cell_lymphoma, chronic_myelomonocytic_leukemia, burkitt lymphoma"
PRDM1,TSG,TSG,TSG,NA,"14993899, 24390350, 31444325, 27135926, 21804550, 23539594",NA
BLK,Candidate,NA,NA,NA,30606723,"dlblc, follicular_lymphoma"
BLM,TSG,TSG,NA,NA,14993899,NA
BMP5,Candidate,NA,NA,NA,14993899,NA
BMP7,Candidate,NA,NA,NA,"31558468, 31558468","burkitt lymphoma, burkitt lymphoma"
BMPR1A,Candidate,"oncogene, TSG",NA,NA,14993899,NA
BMPR2,Candidate,NA,NA,NA,27311963,pan-cancer_adult
BOK,Candidate,NA,NA,NA,26998897,duodenal_adenocarcinoma
DST,Candidate,NA,NA,NA,"20399149, 27311963","glioblastoma, pan-cancer_adult"
FOXL2,OCG,"oncogene, TSG",Oncogene,NA,"14993899, 29950560, 23539594",NA
BRCA1,TSG,TSG,TSG,TSG,"29625053, 29622464, 21720365, 27087322, 27325650, 14993899, 28296713, 24132290, 24390350, 27311963, 27135926, 26017449, 27161491, 26000489, 32494066, 22722201, 23539594, 26099045, 25301631",NA
BRAF,OCG,"oncogene, fusion",Oncogene,Oncogene,"29625053, 22622578, 24413733, 27158780, 22810696, 24120142, 25079552, 25417114, 26091043, 26824661, 26192916, 29895955, 28297679, 30718927, 14993899, 27149842, 30107175, 29489754, 28467829, 22817889, 22980975, 23817572, 28667006, 27687306, 20668451, 24132290, 22842228, 26214590, 25576899, 26466571, 24390350, 25501392, 22327622, 22327622, 29622466, 31444325, 27311963, 31320640, 27135926, 22197931, 26941397, 22158541, 32025015, 26000489, 32494066, 26343386, 27236916, 24859340, 26544944, 23539594, 21499247, 24705251, 26806338, 22237106, 23583981",NA
BRCA2,TSG,TSG,TSG,NA,"29625053, 22981675, 21720365, 27087322, 28297679, 14993899, 29945994, 28667006, 24132290, 26632267, 27135926, 26017449, 27161491, 26000489, 27313181, 22722201, 28810144, 23539594, 22156295, 26939876, 26099045",NA
BRDT,Candidate,NA,NA,NA,28362259,pan-cancer_adult
ZFP36L1,Candidate,NA,NA,NA,"29625053, 23000897, 24476821, 26451490, 29354286, 31444325, 27311963, 27135926, 31558468, 31558468, 27161491, 28988769, 30755618","pan-cancer_adult, breast_cancer, bladder_cancer, breast_cancer, pan-cancer_adult, multiple_myeloma, pan-cancer_adult, breast_cancer, burkitt lymphoma, burkitt lymphoma, breast_cancer, bladder_cancer, bladder_cancer"
ZFP36L2,Candidate,NA,NA,NA,"29625053, 27149842, 26437031, 29622466, 29489755, 32025015","pan-cancer_adult, colorectal_adenocarcinoma, T-cell_leukemia/lymphoma, pan-gastric, pan-cancer_paediatric, pan-cancer_adult"
KLF5,Candidate,NA,NA,NA,"29625053, 24476821, 27149842, 25501392, 28988769","pan-cancer_adult, bladder_cancer, colorectal_adenocarcinoma, pan-cancer_adult, bladder_cancer"
BTG1,TSG,"TSG, fusion",NA,NA,"14993899, 22343534, 29489755, 31444325, 21796119, 24413735",NA
BTK,Candidate,"oncogene, TSG",NA,NA,"14993899, 28064239",NA
BUB1B,TSG,TSG,NA,NA,"14993899, 27135926",NA
SERPING1,Candidate,NA,NA,NA,27149842,colorectal_adenocarcinoma
C3,Candidate,NA,NA,NA,"27311963, 26121086","pan-cancer_adult, neuroblastoma"
C3AR1,Candidate,NA,NA,NA,27311963,pan-cancer_adult
C7,Candidate,NA,NA,NA,28362259,pan-cancer_adult
VPS51,Candidate,NA,NA,NA,28362259,pan-cancer_adult
MPPED2,Candidate,NA,NA,NA,27311963,pan-cancer_adult
CACNA1A,Candidate,NA,NA,NA,29625053,pan-cancer_adult
CACNA1B,Candidate,NA,NA,NA,27311963,pan-cancer_adult
CACNA1C,Candidate,NA,NA,NA,"30107175, 29622466, 27313181","hurthle_cell_carcinoma, pan-gastric, mucinous_gastric_cancer"
CACNA1D,OCG,oncogene,NA,NA,14993899,NA
CACNA1E,Candidate,NA,NA,NA,"29854292, 22817890","breast_cancer, acute_myeloid_leukemia"
CACNA2D1,Candidate,NA,NA,NA,"18772397, 22510280","pancreatic_ductal_adenocarcinoma, non-small_cell_lung_cancer"
CALB2,Candidate,NA,NA,NA,29854292,breast_cancer
CALCB,Candidate,NA,NA,NA,27311963,pan-cancer_adult
CALCR,Candidate,NA,NA,NA,24120142,glioblastoma
CALD1,Candidate,NA,NA,NA,"26909576, 29622466","pancreatic_cancer_(all_histologies), pan-gastric"
CALR,OCG,oncogene,NA,NA,"14993899, 24325356, 22343534, 24325359",NA
CANX,Candidate,NA,NA,NA,28467829,melanoma
CAST,Candidate,NA,NA,NA,28362259,pan-cancer_adult
CARS1,TSG,"TSG, fusion",NA,NA,14993899,NA
CASP3,TSG,TSG,NA,NA,14993899,NA
CASP8,TSG,TSG,TSG,TSG,"26934577, 29625053, 29622464, 26950094, 22810696, 25631445, 26451490, 14993899, 24390350, 27311963, 27135926, 32025015, 28988769, 32494066, 22722201, 21798893, 28112728, 23539594, 30755618, 26099045",NA
CASP9,TSG,TSG,NA,NA,14993899,NA
CASP10,Candidate,NA,NA,NA,27311963,pan-cancer_adult
RUNX1,TSG,"oncogene, TSG, fusion",TSG,TSG,"29625053, 29622464, 23000897, 23634996, 26451490, 14993899, 21339757, 24132290, 24390350, 25501392, 29489755, 27063598, 26648538, 26908133, 27311963, 27135926, 27161491, 32494066, 26457647, 26437033, 28452984, 23539594, 26939876, 22817890, 26099045, 21909114, 22237106",NA
RUNX1T1,Candidate,"oncogene, TSG, fusion",NA,NA,"14993899, 20668451, 22941189",NA
CBFA2T3,TSG,"TSG, fusion",NA,NA,"14993899, 26648538",NA
CBFB,TSG,"TSG, fusion",NA,NA,"29625053, 22722202, 23000897, 26451490, 14993899, 29354286, 20668451, 24132290, 24390350, 28027327, 25501392, 29489755, 27135926, 24390348, 27161491, 32025015, 32024818",NA
CBL,OCG,"oncogene, TSG, fusion",Oncogene,NA,"14993899, 22980975, 29489755, 26648538, 26908133, 26343386, 26457647, 23539594, 24896186, 26939876",NA
CBLB,TSG,TSG,NA,NA,"14993899, 26437031, 27135926",NA
CCK,Candidate,NA,NA,NA,27311963,pan-cancer_adult
CCKBR,Candidate,NA,NA,NA,20668451,lung_cancer_(all_histologies)
CCNC,TSG,TSG,NA,NA,14993899,NA
CCND2,OCG,"oncogene, fusion",NA,NA,"14993899, 29489755, 24705251",NA
CCND3,OCG,"oncogene, fusion",NA,NA,"23000897, 24476821, 14993899, 29489754, 22343534, 30926794, 29489755, 21796119, 26258846, 27135926, 31558468, 31558468, 21804550, 24705251, 21399634",NA
CCNE1,OCG,oncogene,NA,NA,"14993899, 25501392, 26258846, 27135926, 26939876",NA
CD1A,Candidate,NA,NA,NA,"30718927, 28362259","esophageal_adenocarcinoma, pan-cancer_adult"
CD1B,Candidate,NA,NA,NA,22510280,non-small_cell_lung_cancer
CD1D,Candidate,NA,NA,NA,"24390350, 25501392","pan-cancer_adult, pan-cancer_adult"
CD3G,Candidate,NA,NA,NA,29622464,pan-gynecological and breast
CD28,OCG,oncogene,NA,NA,"26192916, 14993899, 26437031, 26258847, 24584070",NA
CD86,Candidate,NA,NA,NA,28362259,pan-cancer_adult
TNFRSF8,Candidate,NA,NA,NA,27064257,"hepatocellular_carcinoma, cholangiocarcinoma"
TNFSF8,Candidate,NA,NA,NA,21499247,melanoma
CD36,Candidate,NA,NA,NA,"21804550, 22158541","diffuse_large_B-cell_lymphoma, chronic_lymphocytic_leukemia"
ENTPD6,Candidate,NA,NA,NA,26790612,squamous_head_and_neck_cancer
CD58,Candidate,NA,NA,NA,"26437031, 22343534, 21796119, 24413734, 21804550","T-cell_leukemia/lymphoma, diffuse_large_B-cell_lymphoma, non-Hodgkin_lymphoma, peripheral_T-cell_lymphoma, diffuse_large_B-cell_lymphoma"
CD70,Candidate,NA,NA,NA,"29625053, 24390350, 22343534, 21796119, 31558468, 31558468","pan-cancer_adult, pan-cancer_adult, diffuse_large_B-cell_lymphoma, non-Hodgkin_lymphoma, burkitt lymphoma, burkitt lymphoma"
CD74,OCG,"oncogene, fusion",NA,NA,14993899,NA
CD79A,OCG,oncogene,NA,NA,"14993899, 24362818",NA
CD79B,OCG,oncogene,NA,NA,"29625053, 14993899, 28064239, 24390350, 22343534, 28479318, 21796119, 24362818, 31558468, 31558468, 21804550",NA
CDC5L,Candidate,NA,NA,NA,29617667,pan-cancer_adult
CDC20,Candidate,NA,NA,NA,"28362259, 27311963","pan-cancer_adult, pan-cancer_adult"
CDC25A,Candidate,NA,NA,NA,27311963,pan-cancer_adult
CDC25C,Candidate,NA,NA,NA,20668451,lung_cancer_(all_histologies)
CDC27,Candidate,NA,NA,NA,"22810696, 24390350, 25609015","colorectal_adenocarcinoma, pan-cancer_adult, testicular_germ_cell_cancer"
CDC42,Candidate,NA,NA,NA,19657110,acute_myeloid_leukemia
CDH1,TSG,TSG,TSG,TSG,"29625053, 20601955, 29622464, 23000897, 25079317, 28522256, 26451490, 30718927, 14993899, 29945994, 24132290, 28128360, 24390350, 30132154, 28027327, 22327622, 29622466, 27311963, 27135926, 27161491, 32025015, 27313181, 32494066, 22722201, 23539594, 24816253, 27891760, 26099045",NA
CDH2,Candidate,NA,NA,NA,26343386,desmoplastic_melanoma
CDH6,Candidate,NA,NA,NA,29354286,pan-cancer_adult
CDH8,Candidate,NA,NA,NA,27311963,pan-cancer_adult
CDH9,Candidate,NA,NA,NA,"24120142, 22158541","glioblastoma, chronic_lymphocytic_leukemia"
CDH10,TSG,TSG,NA,NA,"14993899, 29354286, 29354286, 18772397, 28362259, 26503331, 22941188, 21798893",NA
CDH11,TSG,"TSG, fusion",NA,NA,"14993899, 26503331",NA
CDH12,Candidate,NA,NA,NA,21798893,squamous_head_and_neck_cancer
CDH13,Candidate,NA,NA,NA,25855536,pancreatic_ductal_adenocarcinoma
CDH17,OCG,oncogene,NA,NA,14993899,NA
CDH18,Candidate,NA,NA,NA,24120142,glioblastoma
CDK4,OCG,oncogene,NA,Oncogene,"31164371, 29625053, 14993899, 24390350, 32494066, 24705251",NA
CDK6,OCG,"oncogene, fusion",NA,Oncogene,"14993899, 27135926, 32494066, 24705251",NA
CDKN1A,Candidate,"oncogene, TSG",NA,NA,"29625053, 24476821, 26947078, 28297679, 14993899, 30107175, 24132290, 24390350, 27311963, 32025015, 28988769, 25822088, 25362482, 30755618",NA
CDKN1B,TSG,TSG,NA,NA,"29625053, 22610119, 29622464, 23000897, 26451490, 24185511, 30718927, 14993899, 28667006, 24132290, 25576899, 24390350, 29489755, 31444325, 27311963, 27135926, 27161491, 32025015, 22722201, 26544944, 26099045",NA
CDKN2A,TSG,TSG,TSG,TSG,"21798897, 25730765, 26909576, 29625053, 24633157, 23103869, 26950094, 27158780, 22960745, 25079552, 24476821, 26091043, 25631445, 28548104, 26192916, 18948947, 23525077, 28297679, 30718927, 27064257, 14993899, 25151357, 26804919, 22561517, 28467829, 22817889, 23334668, 26790612, 18772397, 20668451, 24132290, 26437031, 26214590, 24390350, 25240281, 28027327, 25501392, 28098136, 24952746, 24686850, 22327622, 29622466, 29489755, 27311963, 26258846, 31320640, 27135926, 22561520, 24413735, 27161491, 24974848, 27058444, 32025015, 28988769, 26000489, 32494066, 26154128, 25822088, 27595477, 26343386, 31253977, 22722201, 21798893, 28810144, 28622513, 28052061, 25223734, 25362482, 23539594, 25719666, 22156295, 24952744, 21499247, 26939876, 25855536, 24705251, 26806338, 26099045",NA
CDKN2B,Candidate,NA,NA,NA,"25730765, 23334668, 27135926, 24413735, 26000489, 25362482, 26939876, 24705251","acute_lymphocytic_leukemia, acute_lymphocytic_leukemia, breast_cancer, acute_lymphoblastic_leukemia, prostate_cancer, hepatocellular_carcinoma, triple_negative_breast_cancer, paediatric_high-grade_glioma"
CDKN2C,TSG,TSG,NA,NA,"29625053, 14993899, 24132290, 25576899",NA
CDX2,TSG,"TSG, fusion",NA,NA,"28256603, 14993899",NA
CDX4,Candidate,NA,NA,NA,24120142,glioblastoma
CEBPA,TSG,TSG,TSG,NA,"29625053, 23634996, 14993899, 24132290, 24390350, 29489755, 27063598, 27311963, 23539594",NA
CENPF,Candidate,NA,NA,NA,28452984,chronic_myeloid_leukemia
RCC1,Candidate,NA,NA,NA,31954095,pan-cancer_adult
CHD1,Candidate,NA,NA,NA,26000489,prostate_cancer
CHD2,TSG,TSG,NA,NA,"14993899, 23415222, 26466571, 22158541, 23583981",NA
CHD3,Candidate,NA,NA,NA,"29625053, 25401301","pan-cancer_adult, non-clear_cell_renal_cancer"
CHD4,OCG,oncogene,NA,NA,"29625053, 29622464, 23636398, 28292439, 30718927, 14993899, 27149842, 27348297, 29945994, 24390350, 23104009, 29489755, 27311963",NA
CHGA,Candidate,NA,NA,NA,21499247,melanoma
CHKB,Candidate,NA,NA,NA,28362259,pan-cancer_adult
CHRM5,Candidate,NA,NA,NA,28362259,pan-cancer_adult
CHRNB2,Candidate,NA,NA,NA,32025015,pan-cancer_adult
AP1S1,Candidate,NA,NA,NA,29622464,pan-gynecological and breast
CLCN4,Candidate,NA,NA,NA,22156295,pancreatic_ductal_adenocarcinoma
CLCN7,Candidate,NA,NA,NA,26824661,pan-glioma
CLK3,Candidate,NA,NA,NA,25730765,acute_lymphocytic_leukemia
CLTC,TSG,"TSG, fusion",NA,NA,14993899,NA
CCR4,OCG,oncogene,NA,NA,"14993899, 26437031",NA
CCR5,Candidate,NA,NA,NA,20668451,lung_cancer_(all_histologies)
CCR7,OCG,oncogene,NA,NA,"14993899, 26437031",NA
CMKLR1,Candidate,NA,NA,NA,20668451,lung_cancer_(all_histologies)
CNGA4,Candidate,NA,NA,NA,25079317,gastric_adenocarcinoma
CNTN1,Candidate,NA,NA,NA,22484628,gastric_adenocarcinoma
COL1A1,Candidate,NA,NA,NA,29489754,pan-cancer_paediatric
COL1A2,Candidate,NA,NA,NA,"24120142, 21798893","glioblastoma, squamous_head_and_neck_cancer"
COL2A1,Candidate,fusion,NA,NA,"14993899, 23770606",NA
COL3A1,Candidate,NA,NA,NA,18772396,glioblastoma
COL4A1,Candidate,NA,NA,NA,26192917,natural_killer/T_cell_lymphoma
COL4A2,Candidate,NA,NA,NA,"27311963, 22941189","pan-cancer_adult, small_cell_lung_cancer"
COL5A1,Candidate,NA,NA,NA,"29625053, 18772397, 24390350, 28551381","pan-cancer_adult, pancreatic_ductal_adenocarcinoma, pan-cancer_adult, colorectal_adenocarcinoma"
COL6A3,Candidate,NA,NA,NA,"26824661, 29590631","pan-glioma, meningioma"
COL7A1,Candidate,NA,NA,NA,28452984,chronic_myeloid_leukemia
COL9A2,Candidate,NA,NA,NA,26091043,melanoma
COL11A1,Candidate,NA,NA,NA,"23636398, 29354286, 22941188, 25351205","endometrial_cancer, pan-cancer_adult, small_cell_lung_cancer, clear_cell_renal_cancer"
COL12A1,Candidate,NA,NA,NA,27687306,lung_adenocarcinoma
KLF6,TSG,TSG,NA,NA,"14993899, 26939876",NA
COX7C,Candidate,NA,NA,NA,27311963,pan-cancer_adult
CPS1,Candidate,NA,NA,NA,"27064257, 22343534","hepatocellular_carcinoma, cholangiocarcinoma, diffuse_large_B-cell_lymphoma"
CR1,Candidate,NA,NA,NA,"27311963, 27311963","pan-cancer_adult, pan-cancer_adult"
CREB1,OCG,"oncogene, fusion",NA,NA,14993899,NA
CREBBP,TSG,"oncogene, TSG, fusion",TSG,TSG,"29625053, 24633157, 28548104, 14993899, 25151357, 26168399, 21822268, 24121792, 29354286, 27126562, 28064239, 24390350, 22343534, 23143597, 29489755, 28412734, 21796119, 27311963, 27135926, 24362818, 31558468, 31558468, 21804550, 21390126, 25961940, 28988769, 32494066, 23539594, 26939876, 26625313",NA
CRP,Candidate,NA,NA,NA,28362259,pan-cancer_adult
HAPLN1,Candidate,NA,NA,NA,28362259,pan-cancer_adult
CSF1R,OCG,oncogene,Oncogene,NA,"14993899, 23539594",NA
CSF2RA,Candidate,NA,NA,NA,"30107175, 30107175","hurthle_cell_carcinoma, hurthle_cell_carcinoma"
CSF3R,OCG,oncogene,NA,NA,"14993899, 29489755",NA
CSH1,Candidate,NA,NA,NA,21499247,melanoma
CSNK1A1,Candidate,NA,NA,NA,26437031,T-cell_leukemia/lymphoma
CSNK1E,Candidate,NA,NA,NA,27311963,pan-cancer_adult
CSNK2A1,Candidate,NA,NA,NA,"26437031, 27311963","T-cell_leukemia/lymphoma, pan-cancer_adult"
CSNK2B,Candidate,NA,NA,NA,"26437031, 22820256","T-cell_leukemia/lymphoma, medulloblastoma"
VCAN,Candidate,NA,NA,NA,"27687306, 26648538","lung_adenocarcinoma, chronic_myelomonocytic_leukemia"
CSPG4,Candidate,NA,NA,NA,28452984,chronic_myeloid_leukemia
CTNNA1,Candidate,NA,NA,NA,27161491,breast_cancer
CTNNA2,OCG,oncogene,NA,NA,"14993899, 18772397, 30132154, 24816253",NA
CTNNB1,OCG,"oncogene, fusion",Oncogene,Oncogene,"24747642, 29625053, 20601955, 22981675, 29622464, 24413733, 27158780, 22810696, 23636398, 25079317, 26091043, 24700472, 30718927, 22634756, 27064257, 27064257, 14993899, 27149842, 27348297, 26804919, 29489754, 22561517, 22980975, 22832583, 29945994, 28667006, 20668451, 24132290, 25576899, 24390350, 21822264, 22327622, 29622466, 29489755, 27311963, 31320640, 21163964, 32139151, 25743702, 22820256, 28658208, 32025015, 22722829, 26000489, 32494066, 25822088, 26544944, 28622513, 25362482, 23539594, 22037554, 26939876, 22158988, 26806338, 26998897, 22484628, 27505681",NA
CTNND1,Candidate,NA,NA,NA,"29625053, 14993899",NA
CTNND2,OCG,oncogene,NA,NA,"14993899, 29354286",NA
CTSS,Candidate,NA,NA,NA,26451490,breast_cancer
CUX1,Candidate,"oncogene, TSG",NA,NA,"14993899, 24390350, 26908133, 27135926",NA
CX3CR1,Candidate,NA,NA,NA,27325650,penile_squamous_cancer
CXADR,Candidate,NA,NA,NA,29354286,pan-cancer_adult
CYLC1,Candidate,NA,NA,NA,27311963,pan-cancer_adult
CYLD,TSG,TSG,TSG,NA,"29625053, 14993899, 28098136, 31444325, 24974848, 31101826, 23539594",NA
CYP2A7,Candidate,NA,NA,NA,"29854292, 22158541","breast_cancer, chronic_lymphocytic_leukemia"
CYP2C8,Candidate,NA,NA,NA,14993899,NA
CYP2C9,Candidate,NA,NA,NA,21499247,melanoma
CYP2C18,Candidate,NA,NA,NA,27311963,pan-cancer_adult
CYP2E1,Candidate,NA,NA,NA,25362482,hepatocellular_carcinoma
CYP4A11,Candidate,NA,NA,NA,28467829,melanoma
CYP4B1,Candidate,NA,NA,NA,29622466,pan-gastric
DAB1,Candidate,NA,NA,NA,29354286,pan-cancer_adult
DACH1,Candidate,NA,NA,NA,"29625053, 22980976, 27311963","pan-cancer_adult, non-small_cell_lung_cancer, pan-cancer_adult"
DGKA,Candidate,NA,NA,NA,27149842,colorectal_adenocarcinoma
DGKB,Candidate,NA,NA,NA,27311963,pan-cancer_adult
DAO,Candidate,NA,NA,NA,27149842,colorectal_adenocarcinoma
DAXX,TSG,"oncogene, TSG",TSG,NA,"24747642, 22237025, 14993899, 30107175, 21252315, 25576899, 32025015, 22286061, 23539594, 26939876",NA
DBI,Candidate,NA,NA,NA,27311963,pan-cancer_adult
DCC,Candidate,NA,NA,NA,"14993899, 22842228, 27311963",NA
DCK,Candidate,NA,NA,NA,30606723,"dlblc, follicular_lymphoma"
DCTD,Candidate,NA,NA,NA,26451490,breast_cancer
ACE,Candidate,NA,NA,NA,23143597,burkitt lymphoma
DCTN1,Candidate,NA,NA,NA,23583981,paediatric_low_grade_glioma
DDB2,Candidate,"oncogene, TSG",NA,NA,14993899,NA
AKR1C2,Candidate,NA,NA,NA,27311963,pan-cancer_adult
DDIT3,OCG,"oncogene, fusion",NA,NA,"14993899, 27311963",NA
DDX3X,TSG,TSG,NA,NA,"29625053, 26928227, 26091043, 14993899, 29489754, 29354286, 26192917, 22832583, 23415222, 26466571, 28128360, 24390350, 30926794, 29489755, 27311963, 27311963, 31558468, 31558468, 22820256, 22158541, 32025015, 23143595, 22722829, 29617667, 21798893, 22150006",NA
DDX5,OCG,"oncogene, fusion",NA,NA,"26824661, 14993899, 24390350, 29617667",NA
DDX6,OCG,"oncogene, fusion",NA,NA,14993899,NA
DMXL1,Candidate,NA,NA,NA,"30606723, 21822264","dlblc, follicular_lymphoma, hepatocellular_carcinoma"
DHX9,Candidate,NA,NA,NA,"29625053, 29617667","pan-cancer_adult, pan-cancer_adult"
DDX10,TSG,"TSG, fusion",NA,NA,"25730765, 14993899",NA
DHX15,Candidate,NA,NA,NA,29489755,pan-cancer_paediatric
GSDME,Candidate,NA,NA,NA,27325650,penile_squamous_cancer
DIAPH1,Candidate,NA,NA,NA,"27149842, 28296713, 24390350, 22343534","colorectal_adenocarcinoma, mucosal_melanoma, pan-cancer_adult, diffuse_large_B-cell_lymphoma"
DIAPH2,Candidate,NA,NA,NA,29625053,pan-cancer_adult
DLG2,Candidate,NA,NA,NA,27311963,pan-cancer_adult
DLG3,Candidate,NA,NA,NA,18772397,pancreatic_ductal_adenocarcinoma
DMD,Candidate,NA,NA,NA,"29625053, 30107175, 29354286, 27311963, 22895193, 22484628","pan-cancer_adult, hurthle_cell_carcinoma, pan-cancer_adult, pan-cancer_adult, colorectal_adenocarcinoma, gastric_adenocarcinoma"
DNAH8,Candidate,NA,NA,NA,27311963,pan-cancer_adult
DNAH9,Candidate,NA,NA,NA,"27311963, 28452984, 22156295, 22817890","pan-cancer_adult, chronic_myeloid_leukemia, pancreatic_ductal_adenocarcinoma, acute_myeloid_leukemia"
DYNC1I1,Candidate,NA,NA,NA,24120142,glioblastoma
DNM2,TSG,TSG,NA,NA,"23263491, 14993899, 29489755, 22237106",NA
DNMT1,OCG,NA,Oncogene,NA,"22976956, 26790612, 31558468, 31558468, 23539594",NA
DNMT3A,Candidate,TSG,Oncogene,NA,"29625053, 23634996, 26824661, 26192916, 22976956, 14993899, 24132290, 26437031, 24390350, 27063598, 26648538, 26908133, 27311963, 24325359, 27135926, 24413734, 31101826, 24413737, 27236916, 26457647, 23539594, 26939876, 22817890, 21399634, 21909114",NA
DNMT3B,Candidate,NA,NA,NA,26939876,triple_negative_breast_cancer
DOCK2,Candidate,NA,NA,NA,"23525077, 18772397, 26908133","esophageal_adenocarcinoma, pancreatic_ductal_adenocarcinoma, chronic_myelomonocytic_leukemia"
DPP6,Candidate,NA,NA,NA,"18772397, 25961940, 22158541","pancreatic_ductal_adenocarcinoma, acute_lymphoblastic_leukemia, chronic_lymphocytic_leukemia"
DPYD,Candidate,NA,NA,NA,21804550,diffuse_large_B-cell_lymphoma
DPYS,Candidate,NA,NA,NA,27311963,pan-cancer_adult
SLC26A3,Candidate,NA,NA,NA,"24120142, 24390350","glioblastoma, pan-cancer_adult"
DRD3,Candidate,NA,NA,NA,27149842,colorectal_adenocarcinoma
DRD5,Candidate,NA,NA,NA,"24120142, 28362259","glioblastoma, pan-cancer_adult"
DSC1,Candidate,NA,NA,NA,22197931,melanoma
DSC3,Candidate,NA,NA,NA,21804550,diffuse_large_B-cell_lymphoma
DSG1,Candidate,NA,NA,NA,23583981,paediatric_low_grade_glioma
DSP,Candidate,NA,NA,NA,29354286,pan-cancer_adult
EPYC,Candidate,NA,NA,NA,26790612,squamous_head_and_neck_cancer
DSPP,Candidate,NA,NA,NA,"27311963, 29590631","pan-cancer_adult, meningioma"
DTNA,Candidate,NA,NA,NA,22158541,chronic_lymphocytic_leukemia
DTX1,Candidate,NA,NA,NA,"29354286, 31444325, 31558468, 31558468","pan-cancer_adult, multiple_myeloma, burkitt lymphoma, burkitt lymphoma"
DUSP2,Candidate,NA,NA,NA,"22343534, 31444325","diffuse_large_B-cell_lymphoma, multiple_myeloma"
DUSP7,Candidate,NA,NA,NA,21804550,diffuse_large_B-cell_lymphoma
DUSP9,Candidate,NA,NA,NA,"27311963, 21804550","pan-cancer_adult, diffuse_large_B-cell_lymphoma"
DYRK1A,Candidate,NA,NA,NA,"26466571, 27311963","chronic_lymphocytic_leukemia, pan-cancer_adult"
E2F2,Candidate,NA,NA,NA,30926794,burkitt lymphoma
E2F3,Candidate,NA,NA,NA,25501392,pan-cancer_adult
EBF1,TSG,"TSG, fusion",NA,NA,"14993899, 29489755, 24362818",NA
GPR183,Candidate,NA,NA,NA,"26437031, 18987736","T-cell_leukemia/lymphoma, acute_myeloid_leukemia"
ECT2,Candidate,NA,NA,NA,26258846,biliary_tract_cancer
S1PR1,Candidate,NA,NA,NA,26437031,T-cell_leukemia/lymphoma
LPAR1,Candidate,NA,NA,NA,27311963,pan-cancer_adult
EDNRB,Candidate,NA,NA,NA,22810696,colorectal_adenocarcinoma
PHC2,Candidate,NA,NA,NA,22158541,chronic_lymphocytic_leukemia
EEF1A1,Candidate,NA,NA,NA,"29625053, 26824661, 29617667, 28622513","pan-cancer_adult, pan-glioma, pan-cancer_adult, hepatocellular_carcinoma"
EEF1D,Candidate,NA,NA,NA,27311963,pan-cancer_adult
EEF2,Candidate,NA,NA,NA,29625053,pan-cancer_adult
EGFR,OCG,oncogene,Oncogene,Oncogene,"29625053, 27158780, 18772890, 24120142, 25079552, 26061751, 26824661, 18948947, 14993899, 22980976, 22980975, 29945994, 27687306, 20668451, 24132290, 24390350, 25501392, 24997986, 27311963, 26258846, 27135926, 18772396, 32025015, 32494066, 26437033, 23539594, 27270107, 24705251, 25301631",NA
EGR1,Candidate,NA,NA,NA,"28362259, 31444325, 27311963","pan-cancer_adult, multiple_myeloma, pan-cancer_adult"
EGR2,Candidate,NA,NA,NA,"23415222, 26466571, 22158541","chronic_lymphocytic_leukemia, chronic_lymphocytic_leukemia, chronic_lymphocytic_leukemia"
EGR3,Candidate,NA,NA,NA,"29625053, 24132290","pan-cancer_adult, pan-cancer_adult"
EIF1AX,OCG,NA,NA,Oncogene,"29625053, 25417114, 26824661, 30107175, 26683228, 25576899, 28810145, 32494066, 31253977",NA
EPHA2,Candidate,NA,NA,NA,"29625053, 30718927, 24390350, 27311963, 32025015","pan-cancer_adult, esophageal_adenocarcinoma, pan-cancer_adult, pan-cancer_adult, pan-cancer_adult"
EIF4A1,Candidate,NA,NA,NA,"26192917, 31558468","natural_killer/T_cell_lymphoma, burkitt lymphoma"
EIF4A2,Candidate,NA,NA,NA,"30606723, 24132290","dlblc, follicular_lymphoma, pan-cancer_adult"
EIF5A,Candidate,NA,NA,NA,27311963,pan-cancer_adult
CELA1,Candidate,NA,NA,NA,26941397,papillary_thyroid_cancer
ELAVL2,Candidate,NA,NA,NA,"22941189, 29617667","small_cell_lung_cancer, pan-cancer_adult"
ELAVL1,Candidate,NA,NA,NA,29617667,pan-cancer_adult
ELAVL3,Candidate,NA,NA,NA,26790612,squamous_head_and_neck_cancer
ELAVL4,Candidate,NA,NA,NA,29617667,pan-cancer_adult
ELF1,Candidate,NA,NA,NA,29489755,pan-cancer_paediatric
ELF3,TSG,TSG,NA,NA,"29625053, 24476821, 28297679, 30718927, 14993899, 27149842, 26804919, 24121792, 28667006, 24132290, 24390350, 25501392, 29622466, 26258846, 24390348, 32025015, 28988769, 24816253, 30755618, 26806338",NA
ELF4,Candidate,"oncogene, TSG, fusion",NA,NA,"14993899, 26466571, 25501392",NA
ELF5,Candidate,NA,NA,NA,27311963,pan-cancer_adult
ELK4,OCG,"oncogene, fusion",NA,NA,14993899,NA
ELN,Candidate,NA,NA,NA,18772397,pancreatic_ductal_adenocarcinoma
MARK2,Candidate,NA,NA,NA,"26909576, 27149842","pancreatic_cancer_(all_histologies), colorectal_adenocarcinoma"
EN1,Candidate,NA,NA,NA,28362259,pan-cancer_adult
EN2,Candidate,NA,NA,NA,27311963,pan-cancer_adult
EP300,TSG,"TSG, fusion",TSG,TSG,"29625053, 29622464, 24476821, 28548104, 14993899, 25151357, 26168399, 21822268, 24121792, 26192917, 18772397, 24132290, 26437031, 28064239, 24390350, 28098136, 24686850, 29489755, 31444325, 27311963, 21390126, 21804550, 28988769, 32494066, 28112728, 23539594, 26939876, 26625313, 26099045, 22237106, 22237106, 23583981",NA
EPAS1,Candidate,"oncogene, TSG",NA,NA,"29625053, 28162975, 14993899",NA
EPB41,Candidate,NA,NA,NA,31954095,pan-cancer_adult
EPHA1,Candidate,NA,NA,NA,20601955,soft_tissue_sarcoma
EPHA3,Candidate,NA,NA,NA,"29625053, 26824661, 18948947, 30718927, 14993899, 22980976, 24132290, 25501392, 26806338",NA
EPHA4,Candidate,NA,NA,NA,24755198,melanoma
EPHA5,Candidate,NA,NA,NA,"20601955, 18948947, 24908143, 20668451, 27311963","soft_tissue_sarcoma, lung_adenocarcinoma, soft_tissue_sarcoma, lung_cancer_(all_histologies), pan-cancer_adult"
EPHA7,Candidate,NA,NA,NA,"21798897, 22610119, 20601955, 14993899, 26939876, 24755198",NA
EPHB1,Candidate,NA,NA,NA,"27311963, 22158541, 26939876","pan-cancer_adult, chronic_lymphocytic_leukemia, triple_negative_breast_cancer"
EPHB4,Candidate,NA,NA,NA,20399149,glioblastoma
EPHB6,Candidate,NA,NA,NA,24132290,pan-cancer_adult
STX2,Candidate,NA,NA,NA,24390350,pan-cancer_adult
EPRS1,Candidate,NA,NA,NA,27687306,lung_adenocarcinoma
EPS15,TSG,"TSG, fusion",NA,NA,14993899,NA
ERBB2,OCG,"oncogene, fusion",Oncogene,Oncogene,"29625053, 26950094, 27158780, 18772890, 25079317, 26451490, 28297679, 30718927, 14993899, 27348297, 24121792, 28296713, 29945994, 25576899, 24390350, 25501392, 24997986, 24952746, 29622466, 27311963, 27135926, 27161491, 28988769, 32494066, 26343386, 22722201, 28052061, 23539594, 30755618, 26806338, 26099045",NA
ERBB3,OCG,oncogene,NA,Oncogene,"29625053, 24476821, 28522256, 14993899, 27348297, 26804919, 21822268, 24121792, 29945994, 20668451, 24390350, 30132154, 24997986, 24952746, 22327622, 27135926, 28988769, 32494066, 28112728, 26939876, 26625313, 26806338",NA
ERBB4,OCG,"oncogene, TSG",NA,Oncogene,"29625053, 20601955, 18948947, 14993899, 29354286, 29945994, 20668451, 24132290, 25501392, 24997986, 32494066, 26437033, 26939876, 24755198",NA
ERCC2,TSG,TSG,NA,NA,"29625053, 24121791, 24476821, 25401301, 14993899, 24121792, 24132290, 24390350, 28988769",NA
EYA4,Candidate,NA,NA,NA,25079317,gastric_adenocarcinoma
ERCC3,TSG,TSG,NA,NA,14993899,NA
ERCC4,TSG,TSG,NA,NA,"14993899, 27135926, 30755618",NA
ERCC5,TSG,TSG,NA,NA,14993899,NA
ERCC6,Candidate,NA,NA,NA,22484628,gastric_adenocarcinoma
ERF,Candidate,NA,NA,NA,26000489,prostate_cancer
ERG,OCG,"oncogene, fusion",NA,NA,"22981675, 28256603, 27087322, 14993899, 29489755, 26939876",NA
ESR1,OCG,"oncogene, TSG, fusion",NA,Oncogene,"29625053, 23636398, 14993899, 27348297, 28027327, 27311963, 27135926, 24185510, 32494066, 24185512",NA
ESRRG,Candidate,NA,NA,NA,27064257,"hepatocellular_carcinoma, cholangiocarcinoma"
ETS1,Candidate,NA,NA,NA,"30606723, 21796119, 31558468, 31558468","dlblc, follicular_lymphoma, non-Hodgkin_lymphoma, burkitt lymphoma, burkitt lymphoma"
ETV1,OCG,"oncogene, fusion",NA,NA,14993899,NA
ETV3,Candidate,NA,NA,NA,27311963,pan-cancer_adult
ETV4,OCG,"oncogene, fusion",NA,NA,14993899,NA
ETV5,OCG,"oncogene, fusion",NA,NA,14993899,NA
ETV6,TSG,"TSG, fusion",NA,NA,"14993899, 22343534, 29489755, 27063598, 24413735, 32024818, 26939876, 22237106",NA
MECOM,OCG,"oncogene, fusion",NA,NA,"29625053, 23636398, 14993899, 27348297, 24132290",NA
EVI2A,Candidate,NA,NA,NA,28362259,pan-cancer_adult
EVPL,Candidate,NA,NA,NA,18772397,pancreatic_ductal_adenocarcinoma
EWSR1,OCG,"oncogene, fusion",NA,NA,"14993899, 26466571",NA
EXT1,TSG,"TSG, fusion",NA,NA,14993899,NA
EXT2,TSG,TSG,NA,NA,"14993899, 20668451",NA
EYA1,Candidate,NA,NA,NA,29354286,pan-cancer_adult
EZH1,Candidate,NA,NA,NA,24390350,pan-cancer_adult
EZH2,OCG,"oncogene, TSG",Oncogene,NA,"29625053, 23634996, 22976956, 14993899, 29945994, 24132290, 28064239, 24390350, 22343534, 29489755, 26648538, 26908133, 21796119, 27311963, 24325359, 24362818, 21804550, 23222956, 26343386, 31253977, 26457647, 25223734, 23539594, 21909114, 22237106",NA
F5,Candidate,NA,NA,NA,"26824661, 23525077","pan-glioma, esophageal_adenocarcinoma"
F8,Candidate,NA,NA,NA,18772397,pancreatic_ductal_adenocarcinoma
FANCA,TSG,TSG,NA,NA,"24121791, 14993899, 29945994, 26632267, 27063598",NA
FANCC,TSG,TSG,NA,NA,14993899,NA
FANCD2,TSG,TSG,NA,NA,14993899,NA
FANCE,TSG,TSG,NA,NA,14993899,NA
PTK2B,Candidate,NA,NA,NA,20601955,soft_tissue_sarcoma
BPTF,Candidate,NA,NA,NA,"24121791, 22634756","bladder_cancer, hepatocellular_carcinoma"
FANCF,TSG,TSG,NA,NA,14993899,NA
FANCG,TSG,TSG,NA,NA,14993899,NA
FBLN1,Candidate,NA,NA,NA,27311963,pan-cancer_adult
FAT1,TSG,TSG,NA,NA,"26934577, 29625053, 27158780, 25631445, 28548104, 27325650, 14993899, 25151357, 29945994, 24390350, 24686850, 24952746, 26608593, 27311963, 27058444, 28988769, 27313181, 21798893, 26536169, 28551381",NA
FAT2,Candidate,NA,NA,NA,"29489754, 24686850, 24952746, 21796119, 27058444, 22156295","pan-cancer_paediatric, esophageal_squamous_carcinoma, nasopharyngeal_carcinoma, non-Hodgkin_lymphoma, esophageal_squamous_carcinoma, pancreatic_ductal_adenocarcinoma"
FBLN2,TSG,TSG,NA,NA,"26909576, 14993899",NA
FBN2,Candidate,NA,NA,NA,29489754,pan-cancer_paediatric
FCER1A,Candidate,NA,NA,NA,21499247,melanoma
FCGR2B,OCG,"oncogene, fusion",NA,NA,14993899,NA
FCGR3A,Candidate,NA,NA,NA,28362259,pan-cancer_adult
FDX1,Candidate,NA,NA,NA,"30606723, 31954095","dlblc, follicular_lymphoma, pan-cancer_adult"
FDXR,Candidate,NA,NA,NA,27311963,pan-cancer_adult
FEN1,TSG,TSG,NA,NA,"28256603, 14993899",NA
FES,Candidate,"oncogene, TSG",NA,NA,14993899,NA
FGA,Candidate,NA,NA,NA,24120142,glioblastoma
FGB,Candidate,NA,NA,NA,27311963,pan-cancer_adult
FGF2,Candidate,NA,NA,NA,28452984,chronic_myeloid_leukemia
FGF5,Candidate,NA,NA,NA,25730765,acute_lymphocytic_leukemia
FGFR1,OCG,"oncogene, fusion",NA,Oncogene,"29625053, 26121087, 24705250, 14993899, 29489754, 23817572, 27311963, 26258846, 32494066, 26939876, 23583981, 24880341",NA
FGFR3,OCG,"oncogene, fusion",Oncogene,Oncogene,"29625053, 26950094, 24476821, 14993899, 21822268, 24121792, 22980975, 24132290, 24390350, 31444325, 26258846, 28988769, 32494066, 23539594, 26625313, 30755618, 23583981",NA
GPC5,TSG,TSG,NA,NA,"24476821, 14993899",NA
FGFR2,OCG,"oncogene, fusion",Oncogene,Oncogene,"29625053, 28297679, 14993899, 27348297, 24185509, 24132290, 24390350, 24952746, 26258846, 27135926, 22158541, 32494066, 24859340, 23539594, 23583981",NA
FGFR4,OCG,oncogene,NA,Oncogene,"20399149, 18948947, 14993899, 32494066",NA
FH,TSG,TSG,NA,NA,"14993899, 23738515, 26939876",NA
FHIT,TSG,"TSG, fusion",NA,NA,14993899,NA
FOXE1,Candidate,NA,NA,NA,22941188,small_cell_lung_cancer
FOXM1,Candidate,NA,NA,NA,25501392,pan-cancer_adult
FOXO1,Candidate,"oncogene, TSG, fusion",NA,NA,"14993899, 30926794, 21796119, 31558468, 31558468",NA
FOXO3,Candidate,"oncogene, TSG, fusion",NA,NA,"14993899, 27161491",NA
FLG,Candidate,NA,NA,NA,"29854292, 29489754, 24390350, 27058444, 25855536","breast_cancer, pan-cancer_paediatric, pan-cancer_adult, esophageal_squamous_carcinoma, pancreatic_ductal_adenocarcinoma"
FLI1,OCG,"oncogene, fusion",NA,NA,"30606723, 14993899",NA
FLII,Candidate,NA,NA,NA,30606723,"dlblc, follicular_lymphoma"
FLNA,Candidate,NA,NA,NA,"29625053, 14993899, 26437033",NA
FLT1,Candidate,NA,NA,NA,23583981,paediatric_low_grade_glioma
FLT3,OCG,oncogene,Oncogene,NA,"25730765, 29625053, 23634996, 14993899, 29489754, 23334668, 29354286, 20668451, 24132290, 24390350, 18987736, 29489755, 27063598, 27063598, 27311963, 25961940, 23539594, 22817890, 22237106",NA
FLT4,OCG,oncogene,NA,NA,"14993899, 24908143",NA
FMR1,Candidate,NA,NA,NA,29489754,pan-cancer_paediatric
AFF2,Candidate,NA,NA,NA,23000897,breast_cancer
FOLH1,Candidate,NA,NA,NA,27687306,lung_adenocarcinoma
FPR1,Candidate,NA,NA,NA,26168399,small_cell_lung_cancer
MTOR,OCG,oncogene,NA,Oncogene,"29625053, 23792563, 26947078, 14993899, 22397650, 24487277, 30107175, 24132290, 25576899, 24390350, 23619167, 27311963, 28352668, 31558468, 27313181, 32494066, 25351205, 24896186",NA
FRG1,Candidate,NA,NA,NA,"28362259, 27311963","pan-cancer_adult, pan-cancer_adult"
FSHR,Candidate,NA,NA,NA,29354286,pan-cancer_adult
FTH1,Candidate,NA,NA,NA,"28362259, 27311963","pan-cancer_adult, pan-cancer_adult"
ADAM2,Candidate,NA,NA,NA,22158541,chronic_lymphocytic_leukemia
NR5A1,Candidate,NA,NA,NA,27311963,pan-cancer_adult
FUS,TSG,"TSG, fusion",NA,NA,14993899,NA
FYN,Candidate,NA,NA,NA,"26437031, 24413734","T-cell_leukemia/lymphoma, peripheral_T-cell_lymphoma"
G6PC,Candidate,NA,NA,NA,"27064257, 27064257, 25362482","hepatocellular_carcinoma, cholangiocarcinoma, hepatocellular_carcinoma, cholangiocarcinoma, hepatocellular_carcinoma"
GABRA1,Candidate,NA,NA,NA,"24120142, 29354286, 22343534","glioblastoma, pan-cancer_adult, diffuse_large_B-cell_lymphoma"
GABRA2,Candidate,NA,NA,NA,27311963,pan-cancer_adult
GABRA6,Candidate,NA,NA,NA,"29625053, 21720365, 24120142, 26824661","pan-cancer_adult, ovarian_cancer, glioblastoma, pan-glioma"
GABRB2,Candidate,NA,NA,NA,"24120142, 27009842, 22797305","glioblastoma, neuroblastoma, rhabdoid_tumour"
GABRG1,Candidate,NA,NA,NA,22722829,medulloblastoma
GALNS,Candidate,NA,NA,NA,28362259,pan-cancer_adult
LRRC32,Candidate,NA,NA,NA,30606723,"dlblc, follicular_lymphoma"
GATA1,TSG,"oncogene, TSG",TSG,NA,"14993899, 29489755, 23539594",NA
GATA2,OCG,oncogene,Oncogene,NA,"22976956, 14993899, 29489755, 26457647, 23539594, 26939876, 21399634",NA
GATA3,TSG,"oncogene, TSG",TSG,NA,"29625053, 22722202, 29622464, 23000897, 26451490, 14993899, 29354286, 29945994, 24132290, 26437031, 24390350, 28027327, 29489755, 28412734, 22608084, 27135926, 27161491, 26960396, 32025015, 32024818, 22722201, 23539594, 26939876, 26099045, 22237106",NA
GATA4,Candidate,NA,NA,NA,30606723,"dlblc, follicular_lymphoma"
GATA6,Candidate,NA,NA,NA,27311963,pan-cancer_adult
GATM,Candidate,NA,NA,NA,31954095,pan-cancer_adult
GBE1,Candidate,NA,NA,NA,27009842,neuroblastoma
GFRA1,Candidate,NA,NA,NA,29354286,pan-cancer_adult
GPC3,Candidate,"oncogene, TSG",NA,NA,14993899,NA
GLI1,OCG,"oncogene, fusion",NA,NA,14993899,NA
GLI3,Candidate,NA,NA,NA,"29854292, 29945994, 20668451, 24816253, 25855536","breast_cancer, gastric_adenocarcinoma, lung_cancer_(all_histologies), gastric_adenocarcinoma, pancreatic_ductal_adenocarcinoma"
GMFB,Candidate,NA,NA,NA,27311963,pan-cancer_adult
GML,Candidate,NA,NA,NA,"27311963, 18772396","pan-cancer_adult, glioblastoma"
GNA11,OCG,oncogene,Oncogene,Oncogene,"29625053, 14993899, 26683228, 28810145, 32494066, 31253977, 23539594",NA
GNA12,Candidate,NA,NA,NA,26258846,biliary_tract_cancer
GNA15,Candidate,NA,NA,NA,"28362259, 21499247","pan-cancer_adult, melanoma"
GNAI1,Candidate,NA,NA,NA,29354286,pan-cancer_adult
GNAI2,Candidate,NA,NA,NA,"26091043, 30926794, 31558468, 31558468","melanoma, burkitt lymphoma, burkitt lymphoma, burkitt lymphoma"
GNAQ,OCG,oncogene,Oncogene,Oncogene,"29625053, 14993899, 26683228, 31320640, 28810145, 32494066, 31253977, 23539594",NA
GNAS,OCG,oncogene,Oncogene,Oncogene,"29625053, 24700472, 18948947, 28297679, 14993899, 28296713, 29945994, 30132154, 22327622, 26258846, 27135926, 22561520, 26000489, 27313181, 32494066, 28810144, 23539594, 25855536, 22158988, 26806338",NA
GNAT1,Candidate,NA,NA,NA,22158541,chronic_lymphocytic_leukemia
GNB1,Candidate,NA,NA,NA,"26466571, 24390350, 29489755","chronic_lymphocytic_leukemia, pan-cancer_adult, pan-cancer_paediatric"
GNG3,Candidate,NA,NA,NA,27311963,pan-cancer_adult
GNG7,Candidate,NA,NA,NA,27311963,pan-cancer_adult
GOLGA2,Candidate,NA,NA,NA,28362259,pan-cancer_adult
GOLGB1,Candidate,NA,NA,NA,27311963,pan-cancer_adult
GOT1,Candidate,NA,NA,NA,24390350,pan-cancer_adult
LPAR4,Candidate,NA,NA,NA,26941397,papillary_thyroid_cancer
MCHR1,Candidate,NA,NA,NA,22037554,gastric_adenocarcinoma
GPR32,Candidate,NA,NA,NA,23000897,breast_cancer
GPS1,Candidate,NA,NA,NA,27325650,penile_squamous_cancer
GPS2,Candidate,NA,NA,NA,"29625053, 23000897, 26451490, 24390350, 27311963, 27161491, 22820256","pan-cancer_adult, breast_cancer, breast_cancer, pan-cancer_adult, pan-cancer_adult, breast_cancer, medulloblastoma"
GPX1,Candidate,NA,NA,NA,27311963,pan-cancer_adult
GPX5,Candidate,NA,NA,NA,24120142,glioblastoma
GRB2,Candidate,NA,NA,NA,21804550,diffuse_large_B-cell_lymphoma
RAPGEF1,Candidate,NA,NA,NA,28452984,chronic_myeloid_leukemia
GRIA2,Candidate,NA,NA,NA,"26451490, 27064257","breast_cancer, hepatocellular_carcinoma, cholangiocarcinoma"
GRIA3,Candidate,NA,NA,NA,"18772397, 27311963","pancreatic_ductal_adenocarcinoma, pan-cancer_adult"
GRID1,Candidate,NA,NA,NA,27311963,pan-cancer_adult
GRIK2,Candidate,NA,NA,NA,27311963,pan-cancer_adult
GRIK3,Candidate,NA,NA,NA,22941189,small_cell_lung_cancer
GRIK5,Candidate,NA,NA,NA,27311963,pan-cancer_adult
GRIN1,Candidate,NA,NA,NA,29854292,breast_cancer
GRIN2A,TSG,TSG,NA,NA,"14993899, 29945994, 21499247, 26939876",NA
GRIN2D,Candidate,NA,NA,NA,"29625053, 27311963","pan-cancer_adult, pan-cancer_adult"
NR3C1,Candidate,NA,NA,NA,28452984,chronic_myeloid_leukemia
ARHGAP35,Candidate,NA,NA,NA,"29625053, 27158780, 28292439, 26451490, 27348297, 30107175, 24132290, 24390350, 27311963, 32025015","pan-cancer_adult, lung_cancer_(all_histologies), uterine_carcinosarcoma, breast_cancer, endometrial_cancer, hurthle_cell_carcinoma, pan-cancer_adult, pan-cancer_adult, pan-cancer_adult, pan-cancer_adult"
GRM1,Candidate,NA,NA,NA,"29354286, 20668451, 27311963, 24658000","pan-cancer_adult, lung_cancer_(all_histologies), pan-cancer_adult, chondromyxoid_fibroma"
GRM3,OCG,oncogene,NA,NA,"14993899, 22842228, 18772396",NA
GRM5,Candidate,NA,NA,NA,27311963,pan-cancer_adult
GRM8,Candidate,NA,NA,NA,"20668451, 22941189, 21798893, 22156295","lung_cancer_(all_histologies), small_cell_lung_cancer, squamous_head_and_neck_cancer, pancreatic_ductal_adenocarcinoma"
GRSF1,Candidate,NA,NA,NA,30606723,"dlblc, follicular_lymphoma"
GSK3A,Candidate,NA,NA,NA,27311963,pan-cancer_adult
GSTA4,Candidate,NA,NA,NA,31954095,pan-cancer_adult
GSTM5,Candidate,NA,NA,NA,28362259,pan-cancer_adult
MSH6,TSG,TSG,TSG,NA,"29625053, 22810696, 14993899, 30107175, 25576899, 28098136, 28452984, 23539594, 27270107",NA
GTF2B,Candidate,NA,NA,NA,27311963,pan-cancer_adult
GTF2I,Candidate,NA,NA,NA,"29625053, 24974848, 29438696","pan-cancer_adult, thymic_carcinoma, thymic_carcinoma"
GUCY1A2,Candidate,NA,NA,NA,18772397,pancreatic_ductal_adenocarcinoma
GUSB,Candidate,NA,NA,NA,24390350,pan-cancer_adult
GYPC,Candidate,NA,NA,NA,29622466,pan-gastric
H1-2,Candidate,NA,NA,NA,"29625053, 24132290, 28064239, 22343534, 28479318, 21796119, 24362818, 31558468, 28622513","pan-cancer_adult, pan-cancer_adult, follicular_lymphoma, diffuse_large_B-cell_lymphoma, cutaneous_DLBCL, non-Hodgkin_lymphoma, follicular_lymphoma, burkitt lymphoma, hepatocellular_carcinoma"
H1-3,Candidate,NA,NA,NA,"28064239, 31444325, 24362818","follicular_lymphoma, multiple_myeloma, follicular_lymphoma"
H1-4,Candidate,NA,NA,NA,"29625053, 29354286, 28064239, 23415222, 26466571, 24390350, 22343534, 28479318, 31444325, 24362818, 31558468, 31558468","pan-cancer_adult, pan-cancer_adult, follicular_lymphoma, chronic_lymphocytic_leukemia, chronic_lymphocytic_leukemia, pan-cancer_adult, diffuse_large_B-cell_lymphoma, cutaneous_DLBCL, multiple_myeloma, follicular_lymphoma, burkitt lymphoma, burkitt lymphoma"
H1-5,Candidate,NA,NA,NA,"28064239, 26466571, 31444325, 24362818","follicular_lymphoma, chronic_lymphocytic_leukemia, multiple_myeloma, follicular_lymphoma"
H2AC7,Candidate,NA,NA,NA,23334668,acute_lymphocytic_leukemia
H2BC5,Candidate,NA,NA,NA,"24132290, 24362818, 32024818","pan-cancer_adult, follicular_lymphoma, pan-cancer_adult"
H2BC3,Candidate,NA,NA,NA,30606723,"dlblc, follicular_lymphoma"
H3-3A,OCG,oncogene,Oncogene,NA,"29625053, 24162739, 24705254, 24705250, 14993899, 29489754, 28545165, 32025015, 22286061, 23539594, 23583981, 24880341",NA
H3-3B,OCG,oncogene,NA,NA,"24162739, 14993899",NA
HDAC1,Candidate,NA,NA,NA,32024818,pan-cancer_adult
HDAC2,Candidate,NA,NA,NA,"29489754, 25855536","pan-cancer_paediatric, pancreatic_ductal_adenocarcinoma"
HEXA,Candidate,NA,NA,NA,27325650,penile_squamous_cancer
CFHR2,Candidate,NA,NA,NA,21499247,melanoma
HGF,Candidate,NA,NA,NA,"29625053, 24132290, 27311963","pan-cancer_adult, pan-cancer_adult, pan-cancer_adult"
NRG1,TSG,"TSG, fusion",NA,NA,14993899,NA
HIF1A,OCG,oncogene,NA,NA,14993899,NA
HIP1,OCG,"oncogene, fusion",NA,NA,14993899,NA
HIVEP1,Candidate,NA,NA,NA,26909576,pancreatic_cancer_(all_histologies)
HK3,Candidate,NA,NA,NA,27063598,acute_promyelocytic_leukemia
HLA-A,Candidate,NA,NA,NA,"29625053, 22960745, 25631445, 21430775, 24390350, 25501392, 28098136, 22343534, 27311963, 31320640, 32025015, 28112728","pan-cancer_adult, lung_squamous_cell_carcinoma, squamous_head_and_neck_cancer, multiple_myeloma, pan-cancer_adult, pan-cancer_adult, nasopharyngeal_carcinoma, diffuse_large_B-cell_lymphoma, pan-cancer_adult, mucosal_melanoma, pan-cancer_adult, cervical_cancer_(all_histologies)"
HLA-B,Candidate,NA,NA,NA,"29625053, 26437031, 24390350, 25501392, 22343534, 24390348, 28112728","pan-cancer_adult, T-cell_leukemia/lymphoma, pan-cancer_adult, pan-cancer_adult, diffuse_large_B-cell_lymphoma, cervical_cancer_(all_histologies), cervical_cancer_(all_histologies)"
HLA-DQA1,Candidate,NA,NA,NA,28362259,pan-cancer_adult
HLA-DRB1,Candidate,NA,NA,NA,"26451490, 28362259","breast_cancer, pan-cancer_adult"
HLA-DRB5,Candidate,NA,NA,NA,"28362259, 29590631","pan-cancer_adult, meningioma"
HLF,OCG,"oncogene, fusion",NA,NA,14993899,NA
HLA-F,Candidate,NA,NA,NA,28362259,pan-cancer_adult
HMGB1,Candidate,NA,NA,NA,21804550,diffuse_large_B-cell_lymphoma
HMGA1,OCG,"oncogene, fusion",NA,NA,14993899,NA
FOXA1,OCG,oncogene,NA,Oncogene,"29625053, 22610119, 24476821, 26451490, 31969336, 14993899, 24132290, 24390350, 27311963, 27135926, 28658208, 32025015, 26000489, 32494066, 26544944, 26099045",NA
FOXA2,Candidate,NA,NA,NA,"29625053, 27348297, 24132290, 27311963","pan-cancer_adult, endometrial_cancer, pan-cancer_adult, pan-cancer_adult"
HNF4A,Candidate,NA,NA,NA,"27064257, 27064257","hepatocellular_carcinoma, cholangiocarcinoma, hepatocellular_carcinoma, cholangiocarcinoma"
SLC29A2,Candidate,NA,NA,NA,23143597,burkitt lymphoma
HNRNPA2B1,OCG,"oncogene, fusion",NA,NA,"14993899, 26437031, 25362482",NA
HNRNPC,Candidate,NA,NA,NA,27311963,pan-cancer_adult
HNRNPD,Candidate,NA,NA,NA,"30926794, 29617667","burkitt lymphoma, pan-cancer_adult"
HNRNPH3,Candidate,NA,NA,NA,29617667,pan-cancer_adult
HNRNPK,Candidate,NA,NA,NA,"23634996, 29617667","acute_myeloid_leukemia, pan-cancer_adult"
HNRNPL,Candidate,NA,NA,NA,29617667,pan-cancer_adult
HNRNPU,Candidate,NA,NA,NA,"28064239, 31558468, 31558468","follicular_lymphoma, burkitt lymphoma, burkitt lymphoma"
TLX1,OCG,"oncogene, fusion",NA,NA,"14993899, 29489755",NA
HOXA7,Candidate,NA,NA,NA,23636398,endometrial_cancer
HOXA9,Candidate,"oncogene, TSG, fusion",NA,NA,14993899,NA
HOXA10,Candidate,NA,NA,NA,29489755,pan-cancer_paediatric
HOXA11,Candidate,"oncogene, TSG, fusion",NA,NA,"14993899, 27311963",NA
HOXA13,OCG,"oncogene, fusion",NA,NA,14993899,NA
HOXC6,Candidate,NA,NA,NA,27311963,pan-cancer_adult
HOXC11,OCG,"oncogene, fusion",NA,NA,14993899,NA
HOXC13,OCG,"oncogene, fusion",NA,NA,"14993899, 27311963",NA
HOXD11,OCG,"oncogene, fusion",NA,NA,14993899,NA
HOXD13,OCG,"oncogene, fusion",NA,NA,14993899,NA
HPD,Candidate,NA,NA,NA,23636398,endometrial_cancer
HRAS,OCG,oncogene,Oncogene,Oncogene,"21798897, 26934577, 29625053, 22610119, 24633157, 26950094, 27158780, 25417114, 24476821, 26121087, 28162975, 14993899, 21822268, 24121792, 26214590, 25576899, 24390350, 25501392, 27135926, 24974848, 29438696, 32025015, 28988769, 32494066, 27236916, 21798893, 26544944, 23539594, 26625313, 30755618",NA
HES1,Candidate,NA,NA,NA,"32025015, 28988769, 32024818","pan-cancer_adult, bladder_cancer, pan-cancer_adult"
HSBP1,Candidate,NA,NA,NA,27311963,pan-cancer_adult
HSF1,Candidate,NA,NA,NA,26258846,biliary_tract_cancer
DNAJB2,Candidate,NA,NA,NA,27311963,pan-cancer_adult
HSPA1L,Candidate,NA,NA,NA,27149842,colorectal_adenocarcinoma
HSPA4,Candidate,NA,NA,NA,28296713,mucosal_melanoma
HSP90AB1,Candidate,NA,NA,NA,24390350,pan-cancer_adult
HSPG2,Candidate,NA,NA,NA,27058444,esophageal_squamous_carcinoma
HTR1E,Candidate,NA,NA,NA,22484628,gastric_adenocarcinoma
HTR7,Candidate,NA,NA,NA,29622466,pan-gastric
TNC,OCG,oncogene,NA,NA,"14993899, 22842228",NA
ICAM3,Candidate,NA,NA,NA,27311963,pan-cancer_adult
ICAM4,Candidate,NA,NA,NA,27311963,pan-cancer_adult
IRF8,Candidate,NA,NA,NA,"30606723, 21796119, 31558468, 31558468","dlblc, follicular_lymphoma, non-Hodgkin_lymphoma, burkitt lymphoma, burkitt lymphoma"
ID3,TSG,TSG,NA,NA,"14993899, 29489754, 29354286, 30926794, 23143597, 27311963, 31558468, 31558468, 23143595",NA
IDH1,OCG,oncogene,Oncogene,Oncogene,"29625053, 22610119, 21817013, 20399149, 24120142, 23634996, 26091043, 26061751, 26824661, 24185513, 22976956, 28297679, 14993899, 29489754, 24185509, 24336570, 28667006, 24132290, 26214590, 24390350, 29489755, 27063598, 19657110, 27311963, 26258846, 24325359, 18772396, 32025015, 32494066, 26343386, 23770606, 23539594, 27270107, 22817890, 24880341",NA
IDH2,OCG,oncogene,Oncogene,Oncogene,"29625053, 23634996, 26061751, 26824661, 28297679, 14993899, 28667006, 24132290, 26437031, 24390350, 29489755, 27063598, 26648538, 26908133, 27311963, 24325359, 24413734, 32494066, 24413737, 23770606, 23539594, 22817890",NA
IFI27,Candidate,NA,NA,NA,28249600,acute_myeloid_leukemia
IFIT3,Candidate,NA,NA,NA,22722829,medulloblastoma
IGF1R,Candidate,NA,NA,NA,"27135926, 27270107, 26939876","breast_cancer, glioblastoma, triple_negative_breast_cancer"
IGF2,Candidate,NA,NA,NA,25743702,adrenocortical_carcinoma
IGF2R,Candidate,NA,NA,NA,"24705252, 22156295","diffuse_intrinsic_pontine_glioma, pancreatic_ductal_adenocarcinoma"
RBPJ,Candidate,NA,NA,NA,28548104,esophageal_squamous_carcinoma
IKBKB,OCG,oncogene,NA,NA,"14993899, 26437031, 27311963, 26258846",NA
IL1A,Candidate,NA,NA,NA,20668451,lung_cancer_(all_histologies)
IL1B,Candidate,NA,NA,NA,22156295,pancreatic_ductal_adenocarcinoma
IL2RG,Candidate,NA,NA,NA,18772397,pancreatic_ductal_adenocarcinoma
IL4R,Candidate,NA,NA,NA,26824661,pan-glioma
IL6ST,OCG,oncogene,NA,NA,"29625053, 14993899, 27311963, 28622513",NA
IL7R,OCG,oncogene,NA,NA,"29625053, 28256603, 14993899, 27149842, 24390350, 29489755, 22237106",NA
CXCR2,Candidate,NA,NA,NA,27311963,pan-cancer_adult
IL13RA1,Candidate,NA,NA,NA,22895193,colorectal_adenocarcinoma
FOXK2,Candidate,NA,NA,NA,25501392,pan-cancer_adult
ING1,Candidate,NA,NA,NA,"27149842, 24390350, 27311963","colorectal_adenocarcinoma, pan-cancer_adult, pan-cancer_adult"
INHBA,Candidate,NA,NA,NA,"18948947, 27687306","lung_adenocarcinoma, lung_adenocarcinoma"
INPP4A,Candidate,NA,NA,NA,"23636398, 27311963","endometrial_cancer, pan-cancer_adult"
INPPL1,Candidate,NA,NA,NA,"29625053, 24390350","pan-cancer_adult, pan-cancer_adult"
INSR,Candidate,NA,NA,NA,27325650,penile_squamous_cancer
EIF3E,TSG,"TSG, fusion",NA,NA,14993899,NA
IRF1,Candidate,NA,NA,NA,"31444325, 27311963","multiple_myeloma, pan-cancer_adult"
IRF2,Candidate,NA,NA,NA,"29625053, 22561517","pan-cancer_adult, hepatocellular_carcinoma"
IRF4,Candidate,"oncogene, TSG, fusion",NA,NA,"14993899, 26437031, 26466571, 24390350, 30132154, 31444325, 21796119",NA
IRF5,Candidate,NA,NA,NA,26790612,squamous_head_and_neck_cancer
IRF6,Candidate,NA,NA,NA,"29625053, 27158780, 24390350, 21798893, 25855536","pan-cancer_adult, lung_cancer_(all_histologies), pan-cancer_adult, squamous_head_and_neck_cancer, pancreatic_ductal_adenocarcinoma"
IRF7,Candidate,NA,NA,NA,28064239,follicular_lymphoma
IRS1,Candidate,NA,NA,NA,"20601955, 26648538","soft_tissue_sarcoma, chronic_myelomonocytic_leukemia"
ITGA4,Candidate,NA,NA,NA,"26091043, 28296713","melanoma, mucosal_melanoma"
ITGAE,Candidate,NA,NA,NA,25855536,pancreatic_ductal_adenocarcinoma
ITGAV,Candidate,NA,NA,NA,14993899,NA
ITGB7,Candidate,NA,NA,NA,24390350,pan-cancer_adult
ITIH1,Candidate,NA,NA,NA,27149842,colorectal_adenocarcinoma
ITK,Candidate,NA,NA,NA,"20668451, 26258847","lung_cancer_(all_histologies), cutaneous_T_cell_lymphoma"
ITPKB,Candidate,NA,NA,NA,"23415222, 24390350","chronic_lymphocytic_leukemia, pan-cancer_adult"
ITPR3,Candidate,NA,NA,NA,26909576,pancreatic_cancer_(all_histologies)
JAK1,OCG,"oncogene, TSG",Oncogene,NA,"29625053, 30718927, 14993899, 27348297, 29489755, 23539594, 22237106",NA
JAK2,OCG,"oncogene, fusion",Oncogene,Oncogene,"29625053, 14993899, 22327622, 29489755, 26648538, 26908133, 24325359, 32494066, 23539594",NA
JAK3,OCG,oncogene,Oncogene,NA,"29625053, 23263491, 14993899, 26437031, 29489755, 26457647, 23539594, 22237106",NA
JUN,OCG,oncogene,NA,NA,14993899,NA
KARS1,Candidate,NA,NA,NA,27158780,lung_cancer_(all_histologies)
KCNA4,Candidate,NA,NA,NA,27313181,mucinous_gastric_cancer
KCNA6,Candidate,NA,NA,NA,21798893,squamous_head_and_neck_cancer
KCNH2,Candidate,NA,NA,NA,27311963,pan-cancer_adult
KCNJ5,OCG,oncogene,NA,NA,14993899,NA
KCNJ9,Candidate,NA,NA,NA,27311963,pan-cancer_adult
KCNK1,Candidate,NA,NA,NA,28362259,pan-cancer_adult
KCNN2,Candidate,NA,NA,NA,29354286,pan-cancer_adult
KCNN3,Candidate,NA,NA,NA,"26451490, 28128360","breast_cancer, pan-cancer_adult"
KCNQ3,Candidate,NA,NA,NA,"30718927, 27595477, 31954095","esophageal_adenocarcinoma, esophageal_adenocarcinoma, pan-cancer_adult"
KDR,OCG,oncogene,NA,NA,"18948947, 28297679, 14993899, 20668451, 27311963, 24755198",NA
KEL,Candidate,NA,NA,NA,"29625053, 24120142, 26824661, 24390350","pan-cancer_adult, glioblastoma, pan-glioma, pan-cancer_adult"
KIFC3,Candidate,NA,NA,NA,27311963,pan-cancer_adult
KIR3DL1,Candidate,NA,NA,NA,27311963,pan-cancer_adult
KIT,OCG,oncogene,Oncogene,Oncogene,"29625053, 20601955, 23634996, 22976956, 14993899, 29489754, 28467829, 28296713, 24132290, 24390350, 25609015, 29230811, 29489755, 27063598, 27311963, 31320640, 32494066, 29898407, 23539594, 24896186, 26939876, 22817890",NA
KLK1,Candidate,NA,NA,NA,27311963,pan-cancer_adult
KPNB1,Candidate,NA,NA,NA,28052061,esophageal_(squamous_and_adenocarcinoma)
TNPO1,Candidate,NA,NA,NA,29617667,pan-cancer_adult
IPO5,Candidate,NA,NA,NA,27009842,neuroblastoma
KRAS,OCG,oncogene,Oncogene,Oncogene,"25730765, 26909576, 29625053, 21892161, 24633157, 29622464, 23103869, 26950094, 27158780, 22810696, 23636398, 23634996, 25417114, 25079552, 25079317, 26824661, 24185513, 21430775, 28292439, 28522256, 26451490, 29895955, 18948947, 22976956, 26121087, 28297679, 30718927, 14993899, 27149842, 27348297, 26804919, 30107175, 22980976, 29489754, 21822268, 24121792, 23334668, 29354286, 26790612, 22980975, 18772397, 20826764, 23817572, 29945994, 28667006, 27687306, 20668451, 20668451, 20668451, 24132290, 26214590, 25576899, 23415222, 26466571, 24390350, 25501392, 24997986, 26503331, 28098136, 24952746, 22327622, 22327622, 29622466, 29489755, 26648538, 31444325, 26908133, 27311963, 26258846, 31320640, 27135926, 22561520, 24413735, 25961940, 27161491, 24974848, 32025015, 28988769, 32494066, 26154128, 22895193, 29898407, 22722201, 26457647, 24859340, 28112728, 28622513, 28810144, 28551381, 23539594, 25719666, 22156295, 24896186, 26939876, 25855536, 22158988, 26625313, 30755618, 26806338, 26099045, 21909114, 26998897, 22237106, 23583981, 25301631, 27791010",NA
KRT13,Candidate,NA,NA,NA,26824661,pan-glioma
KRT15,Candidate,NA,NA,NA,26824661,pan-glioma
KRT84,Candidate,NA,NA,NA,27311963,pan-cancer_adult
KTN1,Candidate,NA,NA,NA,28551381,colorectal_adenocarcinoma
AFF3,OCG,"oncogene, fusion",NA,NA,14993899,NA
LAMA2,Candidate,NA,NA,NA,"29354286, 22561520","pan-cancer_adult, cholangiocarcinoma"
LAMA3,Candidate,NA,NA,NA,28296713,mucosal_melanoma
LAMA4,Candidate,NA,NA,NA,"21822268, 24121792, 24896186, 26625313","bladder_cancer, bladder_cancer, intracranial_germ_cell, bladder_cancer"
LAMB1,Candidate,NA,NA,NA,27311963,pan-cancer_adult
LAMC1,Candidate,NA,NA,NA,28256603,nasopharyngeal_carcinoma
LBP,Candidate,NA,NA,NA,28531216,esophageal_adenocarcinoma
LCK,OCG,"oncogene, fusion",NA,NA,14993899,NA
LEPR,Candidate,NA,NA,NA,28362259,pan-cancer_adult
LETM1,Candidate,NA,NA,NA,23583981,paediatric_low_grade_glioma
LFNG,Candidate,NA,NA,NA,25501392,pan-cancer_adult
LGALS1,Candidate,NA,NA,NA,26451490,breast_cancer
LIFR,Candidate,NA,NA,NA,24132290,pan-cancer_adult
LIMK1,Candidate,NA,NA,NA,27149842,colorectal_adenocarcinoma
LLGL2,Candidate,NA,NA,NA,27311963,pan-cancer_adult
LLGL1,Candidate,NA,NA,NA,26683228,melanoma
LMO1,OCG,"oncogene, fusion",NA,NA,14993899,NA
LMO2,OCG,"oncogene, fusion",NA,NA,"14993899, 29489755",NA
LMX1A,Candidate,NA,NA,NA,18772396,glioblastoma
LPP,OCG,"oncogene, fusion",NA,NA,"30606723, 14993899, 25501392",NA
IRAG2,Candidate,NA,NA,NA,29354286,pan-cancer_adult
LRP1,Candidate,NA,NA,NA,27063598,acute_promyelocytic_leukemia
LSAMP,Candidate,NA,NA,NA,27311963,pan-cancer_adult
LTA4H,Candidate,NA,NA,NA,19657110,acute_myeloid_leukemia
LTB,Candidate,NA,NA,NA,31444325,multiple_myeloma
LTBP2,Candidate,NA,NA,NA,27236916,papillary_thyroid_cancer
LTK,Candidate,NA,NA,NA,"20601955, 18948947","soft_tissue_sarcoma, lung_adenocarcinoma"
LUM,Candidate,NA,NA,NA,24120142,glioblastoma
LYL1,OCG,"oncogene, fusion",NA,NA,14993899,NA
LYN,Candidate,NA,NA,NA,26886259,acute_promyelocytic_leukemia
SMAD2,TSG,TSG,TSG,NA,"29625053, 22810696, 25079317, 14993899, 27149842, 24132290, 24390350, 29622466, 27311963, 28551381, 23539594",NA
SMAD3,TSG,TSG,NA,NA,"26909576, 14993899, 29622466, 27135926",NA
SMAD4,TSG,TSG,TSG,TSG,"26909576, 29625053, 23103869, 27158780, 22810696, 25079317, 23525077, 30718927, 14993899, 27149842, 26804919, 22980975, 18772397, 29945994, 28667006, 24132290, 24390350, 22327622, 29622466, 27311963, 26258846, 22608084, 22561520, 27161491, 32025015, 32494066, 26154128, 27595477, 22895193, 32024818, 22722201, 28052061, 28810144, 28551381, 23539594, 25719666, 22156295, 24816253, 24952744, 25855536, 26806338, 26099045",NA
SMAD6,Candidate,NA,NA,NA,27311963,pan-cancer_adult
MAF,OCG,"oncogene, fusion",NA,NA,14993899,NA
MAGEA1,Candidate,NA,NA,NA,28297679,cholangiocarcinoma
MAGEA6,Candidate,NA,NA,NA,23103869,pancreatic_ductal_adenocarcinoma
MAN2A1,Candidate,NA,NA,NA,29354286,pan-cancer_adult
MARK3,Candidate,NA,NA,NA,27348297,endometrial_cancer
MAX,TSG,TSG,NA,NA,"29625053, 26824661, 14993899, 27348297, 29489755, 31444325, 27311963",NA
MAZ,Candidate,NA,NA,NA,27311963,pan-cancer_adult
MBD1,Candidate,NA,NA,NA,"24390350, 28988769","pan-cancer_adult, bladder_cancer"
MC1R,Candidate,NA,NA,NA,28362259,pan-cancer_adult
MCL1,Candidate,NA,NA,NA,"31558468, 31558468, 26939876","burkitt lymphoma, burkitt lymphoma, triple_negative_breast_cancer"
MCM5,Candidate,NA,NA,NA,27311963,pan-cancer_adult
MCM7,Candidate,NA,NA,NA,27311963,pan-cancer_adult
DNAJB9,Candidate,NA,NA,NA,30606723,"dlblc, follicular_lymphoma"
MDM2,OCG,oncogene,NA,NA,"14993899, 26258846, 27135926",NA
MDM4,OCG,oncogene,NA,NA,"14993899, 25501392",NA
MEF2C,Candidate,NA,NA,NA,"29354286, 22343534, 21798893","pan-cancer_adult, diffuse_large_B-cell_lymphoma, squamous_head_and_neck_cancer"
MEF2D,Candidate,NA,NA,NA,29489755,pan-cancer_paediatric
MAP3K1,TSG,"oncogene, TSG",TSG,TSG,"29625053, 22722202, 29622464, 23000897, 26451490, 30718927, 14993899, 29945994, 20668451, 24132290, 25576899, 24390350, 28027327, 25501392, 29622466, 27311963, 27135926, 27161491, 26960396, 32025015, 32494066, 22722201, 26437033, 23539594, 26099045",NA
MAP3K4,Candidate,NA,NA,NA,"29625053, 23104009","pan-cancer_adult, serous_endometrial_cancer"
MAP3K5,Candidate,NA,NA,NA,22197930,melanoma
MEN1,TSG,TSG,TSG,NA,"24747642, 29625053, 14993899, 30107175, 21252315, 27311963, 31320640, 27135926, 27161491, 32025015, 32024818, 25362482, 23539594, 27505681",NA
MEP1A,Candidate,NA,NA,NA,18772397,pancreatic_ductal_adenocarcinoma
MET,OCG,oncogene,Oncogene,Oncogene,"29625053, 24633157, 27158780, 25079552, 26947078, 25401301, 14993899, 25790038, 24390350, 32494066, 26536169, 23539594, 26939876, 24705251",NA
MGAT3,Candidate,NA,NA,NA,27149842,colorectal_adenocarcinoma
MGMT,TSG,TSG,NA,NA,"29625053, 14993899",NA
CIITA,TSG,"TSG, fusion",NA,NA,"29854292, 14993899, 29354286, 26192917, 22343534, 21796119",NA
MITF,OCG,oncogene,NA,NA,"14993899, 26939876",NA
ATXN3,Candidate,NA,NA,NA,29625053,pan-cancer_adult
MKI67,Candidate,NA,NA,NA,"23636398, 26503331, 27311963","endometrial_cancer, lung_squamous_cell_carcinoma, pan-cancer_adult"
MLF1,TSG,"TSG, fusion",NA,NA,14993899,NA
MLH1,TSG,TSG,TSG,NA,"29625053, 14993899, 29945994, 25576899, 28098136, 27135926, 26000489, 23539594",NA
MAP3K9,Candidate,NA,NA,NA,22197930,melanoma
KMT2A,OCG,"oncogene, fusion",NA,NA,"29625053, 22610119, 28256603, 22634756, 14993899, 21822268, 24121792, 24390350, 29489755, 27311963, 28988769, 26154128, 26939876, 26625313, 26099045",NA
MLLT1,Candidate,NA,NA,NA,29489755,pan-cancer_paediatric
MLLT3,Candidate,NA,NA,NA,25961940,acute_lymphoblastic_leukemia
AFDN,OCG,"oncogene, fusion",NA,NA,"14993899, 27135926, 27161491",NA
FOXO4,Candidate,"oncogene, TSG, fusion",NA,NA,14993899,NA
NR3C2,Candidate,NA,NA,NA,24413735,acute_lymphoblastic_leukemia
TRPM1,Candidate,NA,NA,NA,26648538,chronic_myelomonocytic_leukemia
MME,Candidate,NA,NA,NA,"31558468, 31558468","burkitt lymphoma, burkitt lymphoma"
MMP13,Candidate,NA,NA,NA,24120142,glioblastoma
MN1,OCG,"oncogene, fusion",NA,NA,14993899,NA
MNAT1,Candidate,NA,NA,NA,20668451,lung_cancer_(all_histologies)
MOG,Candidate,NA,NA,NA,27311963,pan-cancer_adult
MOS,Candidate,NA,NA,NA,20601955,soft_tissue_sarcoma
MOV10,Candidate,NA,NA,NA,"27149842, 29617667","colorectal_adenocarcinoma, pan-cancer_adult"
CD200,Candidate,NA,NA,NA,"30606723, 29489755","dlblc, follicular_lymphoma, pan-cancer_paediatric"
MPL,OCG,oncogene,Oncogene,NA,"14993899, 28412734, 26648538, 24325359, 23539594",NA
MPO,Candidate,NA,NA,NA,24390350,pan-cancer_adult
MYO1B,Candidate,NA,NA,NA,"22810696, 18772396","colorectal_adenocarcinoma, glioblastoma"
MSH2,TSG,TSG,TSG,NA,"29625053, 14993899, 27135926, 26000489, 23539594, 26939876",NA
MSH3,Candidate,NA,NA,NA,"29625053, 22810696, 30718927, 28667006","pan-cancer_adult, colorectal_adenocarcinoma, esophageal_adenocarcinoma, cholangiocarcinoma"
MSH5,Candidate,NA,NA,NA,25576899,anaplastic_thyroid_carcinoma
MSN,Candidate,NA,NA,NA,26192917,natural_killer/T_cell_lymphoma
MSR1,Candidate,NA,NA,NA,"23792563, 26091043","clear_cell_renal_cancer, melanoma"
MST1,Candidate,NA,NA,NA,"22622578, 26451490","melanoma, breast_cancer"
MST1R,Candidate,NA,NA,NA,20601955,soft_tissue_sarcoma
MSX2,Candidate,NA,NA,NA,27311963,pan-cancer_adult
MT1H,Candidate,NA,NA,NA,27311963,pan-cancer_adult
MTCP1,OCG,"oncogene, fusion",NA,NA,14993899,NA
MTHFR,Candidate,NA,NA,NA,27325650,penile_squamous_cancer
MUC2,Candidate,NA,NA,NA,22158541,chronic_lymphocytic_leukemia
MUC3A,Candidate,NA,NA,NA,28362259,pan-cancer_adult
MUC4,Candidate,NA,NA,NA,"22622578, 28362259, 28064239, 28551381","melanoma, pan-cancer_adult, follicular_lymphoma, colorectal_adenocarcinoma"
MUC6,Candidate,NA,NA,NA,"29625053, 25079317, 30718927, 29622466, 24816253","pan-cancer_adult, gastric_adenocarcinoma, esophageal_adenocarcinoma, pan-gastric, gastric_adenocarcinoma"
TRIM37,Candidate,NA,NA,NA,"28296713, 25790038","mucosal_melanoma, papillary_renal_cell_carcinoma"
MUSK,Candidate,NA,NA,NA,27311963,pan-cancer_adult
MUTYH,TSG,TSG,NA,NA,"14993899, 26632267",NA
MYB,OCG,"oncogene, fusion",NA,NA,"26451490, 14993899, 24390350, 29489755, 23583981",NA
MYBL1,Candidate,NA,NA,NA,23583981,paediatric_low_grade_glioma
MYBL2,Candidate,NA,NA,NA,27149842,colorectal_adenocarcinoma
MYC,OCG,"oncogene, fusion",NA,NA,"29625053, 22981675, 14993899, 29489754, 29354286, 29354286, 28128360, 23143597, 29489755, 28479318, 26258846, 27135926, 31558468, 31558468, 21804550, 23143595, 32024818, 26939876, 24705251",NA
MYCL,OCG,oncogene,NA,NA,14993899,NA
MYCN,OCG,oncogene,NA,Oncogene,"29625053, 26950094, 14993899, 27348297, 29489754, 24390350, 29489755, 27311963, 23334666, 32494066, 24705251",NA
MYD88,OCG,oncogene,Oncogene,NA,"29625053, 28531216, 14993899, 23415222, 26466571, 24390350, 25501392, 22343534, 28479318, 21796119, 24362818, 21804550, 21642962, 22158541, 23539594, 22150006",NA
MYH2,Candidate,NA,NA,NA,18772397,pancreatic_ductal_adenocarcinoma
MYH4,Candidate,NA,NA,NA,22156295,pancreatic_ductal_adenocarcinoma
MYH7,Candidate,NA,NA,NA,27009842,neuroblastoma
MYH9,TSG,"TSG, fusion",NA,NA,"29625053, 14993899, 27313181",NA
MYLK,Candidate,NA,NA,NA,27311963,pan-cancer_adult
MYO5B,Candidate,NA,NA,NA,"28362259, 28128360","pan-cancer_adult, pan-cancer_adult"
MYO9A,Candidate,NA,NA,NA,26121086,neuroblastoma
MYOD1,OCG,oncogene,NA,NA,"14993899, 24793135",NA
MYT1,Candidate,NA,NA,NA,26824661,pan-glioma
"NAB2",TSG,"TSG, fusion",NA,NA,14993899,NA
"NAP1L1",Candidate,NA,NA,NA,"30606723, 27311963","dlblc, follicular_lymphoma, pan-cancer_adult"
"NAP1L2",Candidate,NA,NA,NA,27311963,pan-cancer_adult
NBL1,Candidate,NA,NA,NA,26451490,breast_cancer
NUBP1,Candidate,NA,NA,NA,30606723,"dlblc, follicular_lymphoma"
NBN,TSG,TSG,NA,NA,14993899,NA
NCAM2,Candidate,NA,NA,NA,22941188,small_cell_lung_cancer
NCBP1,Candidate,NA,NA,NA,29617667,pan-cancer_adult
NCF2,Candidate,NA,NA,NA,27325650,penile_squamous_cancer
NDUFA5,Candidate,NA,NA,NA,27311963,pan-cancer_adult
NEB,Candidate,NA,NA,NA,"27009842, 22343534","neuroblastoma, diffuse_large_B-cell_lymphoma"
NDUFB2,Candidate,NA,NA,NA,27311963,pan-cancer_adult
NDUFB9,Candidate,NA,NA,NA,"26091043, 28362259","melanoma, pan-cancer_adult"
NDUFV2,Candidate,NA,NA,NA,25609015,testicular_germ_cell_cancer
NEDD4,Candidate,NA,NA,NA,28296713,mucosal_melanoma
NEFH,Candidate,NA,NA,NA,"28249600, 27236916","acute_myeloid_leukemia, papillary_thyroid_cancer"
NEK2,Candidate,NA,NA,NA,"27149842, 20668451","colorectal_adenocarcinoma, breast_cancer"
NF1,TSG,"TSG, fusion",TSG,TSG,"29625053, 20601955, 24633157, 29622464, 27158780, 18772890, 21720365, 23000897, 24120142, 25079552, 26091043, 26061751, 26824661, 18948947, 26121087, 28297679, 28162975, 24705250, 14993899, 30107175, 29489754, 21822268, 24121792, 28467829, 28296713, 23334668, 22980975, 23817572, 24908143, 29945994, 28362259, 27687306, 20668451, 24132290, 26214590, 25576899, 24390350, 25240281, 30132154, 29489755, 26648538, 26908133, 27311963, 27311963, 31320640, 27135926, 18772396, 26017449, 27161491, 32025015, 32494066, 26343386, 22722201, 26457647, 26437033, 23539594, 24896186, 26939876, 24705251, 24755198, 26099045, 23583981, 25305755",NA
NF2,TSG,TSG,TSG,TSG,"26909576, 29625053, 26928227, 26947078, 23348505, 20054297, 25401301, 28297679, 14993899, 30322867, 25576899, 27311963, 31320640, 27135926, 32494066, 26536169, 29590631, 23539594",NA
NFATC2,OCG,"oncogene, fusion",NA,NFG,"14993899, 27687306, 32494066",NA
NFATC4,Candidate,NA,NA,NA,27311963,pan-cancer_adult
NFE2L2,OCG,"oncogene, TSG",Oncogene,NA,"29625053, 27158780, 22960745, 23792563, 23636398, 24476821, 28548104, 26947078, 27325650, 27064257, 27064257, 14993899, 25151357, 27348297, 30107175, 22561517, 24132290, 25790038, 28128360, 24390350, 25501392, 26503331, 24686850, 27311963, 24390348, 27058444, 32025015, 28988769, 25822088, 21798893, 26536169, 28622513, 28112728, 28052061, 25362482, 23539594, 22156295",NA
NFKB2,Candidate,"oncogene, TSG, fusion",NA,NA,"26192916, 14993899, 31444325, 27311963, 26258847",NA
NFKBIA,Candidate,NA,NA,NA,"26437031, 28098136, 22343534, 31444325, 27647909","T-cell_leukemia/lymphoma, nasopharyngeal_carcinoma, diffuse_large_B-cell_lymphoma, multiple_myeloma, nasopharyngeal_carcinoma"
NFKBIE,TSG,TSG,NA,NA,"14993899, 26343386",NA
NID1,Candidate,NA,NA,NA,27325650,penile_squamous_cancer
NKTR,Candidate,NA,NA,NA,27149842,colorectal_adenocarcinoma
NKX3-1,Candidate,NA,NA,NA,26544944,prostate_cancer
NMBR,Candidate,NA,NA,NA,28479318,cutaneous_DLBCL
NOS1,Candidate,NA,NA,NA,"29354286, 27311963","pan-cancer_adult, pan-cancer_adult"
CNOT3,TSG,TSG,NA,NA,"23263491, 14993899, 28362259, 29489755, 27311963, 27135926, 22158541",NA
NOTCH1,TSG,"oncogene, TSG, fusion",TSG,TSG,"21798897, 22877736, 29625053, 21817013, 26950094, 27158780, 22960745, 26061751, 25631445, 26824661, 28548104, 23263491, 21670202, 30718927, 14993899, 25151357, 26168399, 29489754, 24908143, 24132290, 26437031, 23415222, 26466571, 24390350, 25501392, 24686850, 24952746, 23143597, 29489755, 28412734, 27311963, 27135926, 21804550, 21642962, 27058444, 22158541, 25194568, 32025015, 32494066, 21798893, 28052061, 23539594, 22150006, 26939876, 31937901",NA
NOTCH2,TSG,"oncogene, TSG",TSG,NA,"22877736, 29625053, 26950094, 28256603, 14993899, 29489754, 29945994, 22891276, 25576899, 25501392, 28098136, 24952746, 28412734, 27135926, 27058444, 25194568, 27313181, 23539594, 26939876",NA
NOTCH3,Candidate,NA,NA,NA,"22877736, 26934577, 28548104, 25501392, 24952746, 25194568, 26939876","esophageal_(squamous_and_adenocarcinoma), oral_squamous_cell_carcinoma, esophageal_squamous_carcinoma, pan-cancer_adult, nasopharyngeal_carcinoma, bladder_cancer, triple_negative_breast_cancer"
NOTCH4,Candidate,NA,NA,NA,25501392,pan-cancer_adult
NOVA1,Candidate,NA,NA,NA,29617667,pan-cancer_adult
NPM1,Candidate,"oncogene, fusion",TSG,NA,"29625053, 23634996, 14993899, 24132290, 24390350, 25501392, 18987736, 29489755, 27063598, 19657110, 23539594, 22817890",NA
NPR3,Candidate,NA,NA,NA,27311963,pan-cancer_adult
NRAS,OCG,oncogene,Oncogene,Oncogene,"25730765, 29625053, 24633157, 22622578, 26950094, 27158780, 22810696, 23634996, 25417114, 26091043, 26824661, 21430775, 29895955, 18948947, 22976956, 26121087, 14993899, 27149842, 27348297, 30107175, 29489754, 28467829, 22817889, 23334668, 26192917, 28667006, 24132290, 22842228, 26214590, 25576899, 23415222, 26466571, 24390350, 25501392, 28098136, 24952746, 29622466, 29489755, 27063598, 19657110, 26648538, 31444325, 26908133, 27311963, 26258846, 31320640, 27135926, 22197931, 25961940, 24974848, 23334666, 29438696, 32025015, 28988769, 32494066, 26343386, 29898407, 27236916, 26457647, 28622513, 23539594, 24896186, 22817890, 21909114, 22237106",NA
NTHL1,TSG,TSG,NA,NA,14993899,NA
NTRK1,OCG,"oncogene, TSG, fusion",NA,Oncogene,"20601955, 18948947, 14993899, 32494066, 26939876, 24705251",NA
NTRK2,Candidate,NA,NA,NA,24705251,paediatric_high-grade_glioma
NTRK3,OCG,"oncogene, fusion",NA,Oncogene,"18948947, 14993899, 32494066, 24705251, 26099045",NA
DDR2,OCG,oncogene,NA,Oncogene,"14993899, 29945994, 26258846, 32494066, 26939876",NA
NUMA1,Candidate,NA,NA,NA,26632267,osteosarcoma
NUP98,OCG,"oncogene, fusion",NA,NA,"14993899, 29489755",NA
NR4A2,Candidate,NA,NA,NA,28256603,nasopharyngeal_carcinoma
OCRL,Candidate,NA,NA,NA,27149842,colorectal_adenocarcinoma
ODC1,Candidate,NA,NA,NA,29854292,breast_cancer
OPRD1,Candidate,NA,NA,NA,27311963,pan-cancer_adult
OPRK1,Candidate,NA,NA,NA,27311963,pan-cancer_adult
OXA1L,Candidate,NA,NA,NA,26091043,melanoma
PCSK6,Candidate,NA,NA,NA,18772397,pancreatic_ductal_adenocarcinoma
PAK3,Candidate,NA,NA,NA,"18948947, 26343386","lung_adenocarcinoma, desmoplastic_melanoma"
PAX2,Candidate,NA,NA,NA,26451490,breast_cancer
PAX3,OCG,"oncogene, fusion",NA,NA,14993899,NA
PAX5,TSG,"oncogene, TSG, fusion",TSG,NA,"25730765, 29625053, 30606723, 14993899, 23334668, 29354286, 20668451, 29489755, 24413735, 23539594",NA
PAX6,Candidate,NA,NA,NA,29354286,pan-cancer_adult
PBX1,OCG,"oncogene, fusion",NA,NA,14993899,NA
PCBP1,Candidate,NA,NA,NA,"29625053, 14993899, 27149842, 29489754, 24132290, 24390350, 29622466, 30926794, 29617667",NA
PCBP2,Candidate,NA,NA,NA,29617667,pan-cancer_adult
PCDH9,Candidate,NA,NA,NA,"28362259, 24952744","pan-cancer_adult, esophageal_adenocarcinoma"
PCM1,Candidate,NA,NA,NA,28296713,mucosal_melanoma
PCSK5,Candidate,NA,NA,NA,"28249600, 27311963","acute_myeloid_leukemia, pan-cancer_adult"
PDCD2,Candidate,NA,NA,NA,"28362259, 27311963","pan-cancer_adult, pan-cancer_adult"
PDE6G,Candidate,NA,NA,NA,23334666,neuroblastoma
PDGFB,OCG,"oncogene, fusion",NA,NA,14993899,NA
PDGFRA,OCG,"oncogene, fusion",Oncogene,Oncogene,"29625053, 24120142, 18948947, 24705250, 14993899, 29489754, 24132290, 27135926, 32494066, 23539594, 27270107, 24705251, 24880341",NA
PDGFRB,OCG,"oncogene, fusion",NA,NA,"14993899, 24908143",NA
PDHB,Candidate,NA,NA,NA,25401301,non-clear_cell_renal_cancer
PDK2,Candidate,NA,NA,NA,27311963,pan-cancer_adult
PDYN,Candidate,NA,NA,NA,22960745,lung_squamous_cell_carcinoma
PEG3,Candidate,NA,NA,NA,22561520,cholangiocarcinoma
PER1,TSG,"TSG, fusion",NA,NA,14993899,NA
PFAS,Candidate,NA,NA,NA,27325650,penile_squamous_cancer
ATP8B1,Candidate,NA,NA,NA,29622466,pan-gastric
VIT,Candidate,NA,NA,NA,27311963,pan-cancer_adult
PFKP,Candidate,NA,NA,NA,22722829,medulloblastoma
CDK14,Candidate,NA,NA,NA,26790612,squamous_head_and_neck_cancer
PGR,Candidate,NA,NA,NA,"29625053, 27311963","pan-cancer_adult, pan-cancer_adult"
ABCB1,Candidate,NA,NA,NA,"24120142, 30718927, 24952744","glioblastoma, esophageal_adenocarcinoma, esophageal_adenocarcinoma"
PHKA2,Candidate,NA,NA,NA,27311963,pan-cancer_adult
SERPINA1,Candidate,NA,NA,NA,"27311963, 21804550","pan-cancer_adult, diffuse_large_B-cell_lymphoma"
SERPINA4,Candidate,NA,NA,NA,27311963,pan-cancer_adult
SERPINB13,Candidate,NA,NA,NA,24390350,pan-cancer_adult
PIGC,Candidate,NA,NA,NA,27311963,pan-cancer_adult
PIK3C2A,Candidate,NA,NA,NA,23619167,squamous_head_and_neck_cancer
PIK3C2B,Candidate,NA,NA,NA,"22510280, 23619167","non-small_cell_lung_cancer, squamous_head_and_neck_cancer"
PIK3C2G,Candidate,NA,NA,NA,"26824661, 23619167","pan-glioma, squamous_head_and_neck_cancer"
PIK3C3,Candidate,NA,NA,NA,26451490,breast_cancer
PIK3CA,OCG,oncogene,Oncogene,Oncogene,"21798897, 26934577, 31164371, 25730765, 29625053, 22722202, 22610119, 20601955, 22981675, 29622464, 21817013, 26950094, 27158780, 18772890, 22960745, 22810696, 23000897, 24120142, 23792563, 25079317, 25079552, 24476821, 25631445, 26061751, 26824661, 28548104, 26947078, 28292439, 28522256, 26451490, 23525077, 29854292, 28297679, 24705250, 30718927, 14993899, 25151357, 24487277, 27149842, 27348297, 26804919, 29489754, 24121792, 29354286, 22980975, 21252315, 20826764, 24908143, 29945994, 27687306, 20668451, 24132290, 25576899, 28128360, 24390350, 23104009, 28485815, 30132154, 28027327, 25501392, 26503331, 28098136, 24686850, 24952746, 22327622, 22327622, 29622466, 23619167, 29489755, 27311963, 26258846, 22608084, 27135926, 24390348, 28352668, 18772396, 27161491, 32139151, 26960396, 27058444, 32025015, 28988769, 22722829, 26000489, 32494066, 22895193, 26343386, 31253977, 22722201, 21798893, 26437033, 24705252, 28622513, 28112728, 28551381, 23539594, 27270107, 26939876, 25855536, 24705251, 26625313, 30755618, 26099045, 22484628, 27791010",NA
PIK3CB,OCG,oncogene,NA,Oncogene,"29625053, 14993899, 26000489, 32494066, 26939876",NA
PIM1,OCG,"oncogene, fusion",NA,NA,"29625053, 14993899, 28064239, 26466571, 22343534, 26608593, 28479318, 31444325, 21804550, 32024818",NA
PIK3CD,Candidate,NA,NA,NA,"26437031, 23619167, 29489755, 26258847, 26939876","T-cell_leukemia/lymphoma, squamous_head_and_neck_cancer, pan-cancer_paediatric, cutaneous_T_cell_lymphoma, triple_negative_breast_cancer"
PIK3CG,Candidate,NA,NA,NA,"29625053, 20668451, 24132290, 26503331, 23619167, 26258847","pan-cancer_adult, lung_cancer_(all_histologies), pan-cancer_adult, lung_squamous_cell_carcinoma, squamous_head_and_neck_cancer, cutaneous_T_cell_lymphoma"
PIK3R1,TSG,TSG,TSG,TSG,"25730765, 29625053, 22610119, 29622464, 21817013, 18772890, 23000897, 24120142, 23636398, 26061751, 26824661, 28292439, 26451490, 28297679, 24705250, 30718927, 14993899, 27348297, 26804919, 28667006, 20668451, 24132290, 24390350, 28485815, 25501392, 23619167, 29489755, 27311963, 27135926, 31558468, 31558468, 18772396, 27161491, 32139151, 32025015, 26000489, 32494066, 32024818, 24705252, 23539594, 27270107, 26939876, 24705251, 26099045, 27791010",NA
PIK3R2,OCG,NA,NA,Oncogene,"29625053, 32494066, 31253977",NA
PI4KA,Candidate,NA,NA,NA,20601955,soft_tissue_sarcoma
PKD2,Candidate,NA,NA,NA,27311963,pan-cancer_adult
PKHD1,Candidate,NA,NA,NA,"20668451, 18772396, 27236916, 22484628","lung_cancer_(all_histologies), glioblastoma, papillary_thyroid_cancer, gastric_adenocarcinoma"
PLAG1,OCG,"oncogene, fusion",NA,NA,14993899,NA
PLCB2,Candidate,NA,NA,NA,27311963,pan-cancer_adult
PLCB4,Candidate,NA,NA,NA,"29625053, 26683228, 28810145, 31253977, 21499247","pan-cancer_adult, melanoma, melanoma, uveal_melanoma, melanoma"
PLCD1,Candidate,NA,NA,NA,28452984,chronic_myeloid_leukemia
PLCG1,OCG,"oncogene, fusion",NA,NA,"29625053, 24633157, 26061751, 26824661, 26192916, 28256603, 14993899, 26437031, 26258847",NA
PLCG2,Candidate,NA,NA,NA,"24390350, 24362818, 31558468","pan-cancer_adult, follicular_lymphoma, burkitt lymphoma"
PLEC,Candidate,NA,NA,NA,25790038,papillary_renal_cell_carcinoma
PLK1,Candidate,NA,NA,NA,27311963,pan-cancer_adult
FXYD3,Candidate,NA,NA,NA,28362259,pan-cancer_adult
PLRG1,Candidate,NA,NA,NA,29617667,pan-cancer_adult
PLXNA2,Candidate,NA,NA,NA,"25730765, 28256603","acute_lymphocytic_leukemia, nasopharyngeal_carcinoma"
PML,TSG,"TSG, fusion",NA,NA,"14993899, 27063598",NA
PMS1,Candidate,NA,NA,NA,"29625053, 14993899, 21804550",NA
PMS2,TSG,TSG,NA,NA,"29625053, 14993899, 27135926, 30755618",NA
PRRX1,Candidate,NA,NA,NA,27311963,pan-cancer_adult
PNN,Candidate,NA,NA,NA,23636398,endometrial_cancer
POLD1,TSG,TSG,NA,NA,"29854292, 14993899",NA
POLE,TSG,TSG,NA,NA,"29625053, 23636398, 14993899, 27348297, 24390350, 30132154, 29230811",NA
POLG,TSG,TSG,NA,NA,14993899,NA
POLR2D,Candidate,NA,NA,NA,27311963,pan-cancer_adult
POLRMT,Candidate,NA,NA,NA,29625053,pan-cancer_adult
PON1,Candidate,NA,NA,NA,27311963,pan-cancer_adult
POU2AF1,OCG,"oncogene, fusion",NA,NA,"14993899, 28064239, 24390350",NA
POU2F2,Candidate,NA,NA,NA,"28064239, 24390350, 22343534","follicular_lymphoma, pan-cancer_adult, diffuse_large_B-cell_lymphoma"
POU3F3,Candidate,NA,NA,NA,27311963,pan-cancer_adult
POU5F1,OCG,"oncogene, fusion",NA,NA,14993899,NA
PPARD,Candidate,NA,NA,NA,28256603,nasopharyngeal_carcinoma
PPARG,TSG,"TSG, fusion",NA,NA,14993899,NA
MED1,Candidate,NA,NA,NA,21798893,squamous_head_and_neck_cancer
PPP1R3A,Candidate,NA,NA,NA,"18772397, 20668451","pancreatic_ductal_adenocarcinoma, lung_cancer_(all_histologies)"
PPP2R1A,OCG,TSG,Oncogene,Oncogene,"29625053, 29622464, 23636398, 28292439, 14993899, 27348297, 22980975, 20826764, 24132290, 24390350, 23104009, 28485815, 27311963, 24974848, 32494066, 23539594, 27791010",NA
PPP2R3A,Candidate,NA,NA,NA,27311963,pan-cancer_adult
PTPA,Candidate,NA,NA,NA,28467829,melanoma
PPP2R5A,Candidate,NA,NA,NA,21804550,diffuse_large_B-cell_lymphoma
PPP2R5C,Candidate,NA,NA,NA,27311963,pan-cancer_adult
PPP3CA,Candidate,NA,NA,NA,27158780,lung_cancer_(all_histologies)
PPP4C,Candidate,NA,NA,NA,27311963,pan-cancer_adult
PPP6C,TSG,TSG,NA,NA,"29625053, 26950094, 26091043, 14993899, 22817889, 22842228, 26214590, 24390350, 26343386",NA
PRB4,Candidate,NA,NA,NA,21798893,squamous_head_and_neck_cancer
PRF1,TSG,TSG,NA,NA,14993899,NA
PRKAB2,Candidate,NA,NA,NA,20668451,lung_cancer_(all_histologies)
PRKACA,OCG,oncogene,NA,NA,"24700472, 14993899, 24747643",NA
PRKAG1,Candidate,NA,NA,NA,28362259,pan-cancer_adult
PRKAR1A,Candidate,"oncogene, TSG, fusion",NA,NA,"29625053, 24700472, 29854292, 14993899, 27311963, 27505681",NA
PRKAR2B,Candidate,NA,NA,NA,27311963,pan-cancer_adult
PRKCB,Candidate,NA,NA,NA,"14993899, 26437031, 24362818",NA
PRKCG,Candidate,NA,NA,NA,18772397,pancreatic_ductal_adenocarcinoma
PRKCI,Candidate,NA,NA,NA,26258846,biliary_tract_cancer
PRKD1,Candidate,NA,NA,NA,"29854292, 26192917, 25240283","breast_cancer, natural_killer/T_cell_lymphoma, salivary_gland_adenocarcinoma"
PRKCQ,Candidate,NA,NA,NA,27149842,colorectal_adenocarcinoma
PRKCZ,Candidate,NA,NA,NA,"28256603, 27311963","nasopharyngeal_carcinoma, pan-cancer_adult"
PRKDC,Candidate,NA,NA,NA,27311963,pan-cancer_adult
PRKG1,Candidate,NA,NA,NA,29354286,pan-cancer_adult
MAPK1,OCG,oncogene,NA,Oncogene,"29625053, 14993899, 27311963, 24390348, 32494066, 28112728, 22150006",NA
MAPK4,Candidate,NA,NA,NA,27311963,pan-cancer_adult
MAPK7,Candidate,NA,NA,NA,20399149,glioblastoma
MAP2K1,OCG,oncogene,Oncogene,Oncogene,"29625053, 27158780, 26091043, 28522256, 14993899, 27149842, 22817889, 26466571, 24390350, 27311963, 27311963, 31320640, 22197931, 32494066, 26343386, 23539594",NA
MAP2K2,OCG,oncogene,NA,Oncogene,"14993899, 28467829, 30132154, 22197931, 32494066",NA
MAP2K3,Candidate,NA,NA,NA,25362482,hepatocellular_carcinoma
MAP2K7,Candidate,NA,NA,NA,"30718927, 27149842, 29622466, 32025015","esophageal_adenocarcinoma, colorectal_adenocarcinoma, pan-gastric, pan-cancer_adult"
THAP12,Candidate,NA,NA,NA,"25501392, 25609015","pan-cancer_adult, testicular_germ_cell_cancer"
PRKX,Candidate,NA,NA,NA,21499247,melanoma
PRLR,Candidate,NA,NA,NA,22158541,chronic_lymphocytic_leukemia
PRRG1,Candidate,NA,NA,NA,29622464,pan-gynecological and breast
PRSS1,Candidate,NA,NA,NA,28810144,pancreatic_ductal_adenocarcinoma
PRSS3,Candidate,NA,NA,NA,"28362259, 27311963","pan-cancer_adult, pan-cancer_adult"
RELN,Candidate,NA,NA,NA,"22980976, 22237106","non-small_cell_lung_cancer, acute_lymphoblastic_leukemia"
KLK7,Candidate,NA,NA,NA,27311963,pan-cancer_adult
KLK6,Candidate,NA,NA,NA,27311963,pan-cancer_adult
HTRA1,Candidate,NA,NA,NA,27009842,neuroblastoma
PSMC3,Candidate,NA,NA,NA,27311963,pan-cancer_adult
PSMD8,Candidate,NA,NA,NA,28467829,melanoma
PTCH1,TSG,TSG,TSG,NA,"29625053, 26950094, 28548104, 14993899, 25151357, 29489754, 22832583, 25576899, 26648538, 27311963, 21163964, 22820256, 32025015, 23770606, 23539594, 25301631",NA
PTEN,TSG,TSG,TSG,TSG,"31164371, 29625053, 22610119, 20601955, 22981675, 29622464, 27158780, 18772890, 23000897, 22960745, 24120142, 23792563, 23636398, 25155756, 26061751, 26091043, 26824661, 28548104, 26947078, 28292439, 26451490, 23263491, 25401301, 28297679, 24705250, 30718927, 27064257, 27064257, 14993899, 24487277, 27149842, 27348297, 26804919, 30107175, 22722839, 29489754, 28467829, 22817889, 22980975, 21252315, 28667006, 24132290, 26632267, 26214590, 24390350, 28027327, 25501392, 26503331, 24686850, 29622466, 23619167, 29489755, 27311963, 27135926, 24390348, 22561520, 31558468, 31558468, 18772396, 21163964, 26017449, 27161491, 32139151, 32025015, 28988769, 26000489, 32494066, 31253977, 32024818, 22722201, 21798893, 24705252, 26544944, 28112728, 25362482, 23539594, 22037554, 27270107, 26939876, 26099045, 23583981, 27791010",NA
PTGFR,Candidate,NA,NA,NA,20668451,breast_cancer
PTGFRN,Candidate,NA,NA,NA,26168399,small_cell_lung_cancer
PTGS1,Candidate,NA,NA,NA,27311963,pan-cancer_adult
PTK2,Candidate,NA,NA,NA,27009842,neuroblastoma
PTK6,Candidate,"oncogene, TSG",NA,NA,14993899,NA
PTMA,Candidate,NA,NA,NA,"29625053, 25501392, 27311963","pan-cancer_adult, pan-cancer_adult, pan-cancer_adult"
PTN,Candidate,NA,NA,NA,22037554,gastric_adenocarcinoma
PTPN1,Candidate,NA,NA,NA,24531327,mediastinal_B-cell_lymphoma
PTPN2,Candidate,NA,NA,NA,29489755,pan-cancer_paediatric
PTPN6,TSG,TSG,NA,NA,14993899,NA
PTPN11,OCG,oncogene,Oncogene,Oncogene,"29625053, 23634996, 26061751, 26824661, 26121087, 14993899, 29489754, 23334668, 26886259, 24132290, 26466571, 24390350, 29489755, 27063598, 31444325, 27311963, 25961940, 23334666, 32494066, 26343386, 26457647, 23539594, 27270107, 26939876, 22817890",NA
PTPN12,Candidate,NA,NA,NA,22810696,colorectal_adenocarcinoma
PTPN13,TSG,TSG,NA,NA,"14993899, 29945994",NA
PTPN14,Candidate,NA,NA,NA,"26950094, 26121086","skin_basal_cell_carcinoma, neuroblastoma"
PTPRB,TSG,TSG,NA,NA,"24633157, 14993899",NA
PTPRC,TSG,TSG,NA,NA,"29625053, 25079317, 14993899, 26437031",NA
PTPRD,TSG,TSG,NA,NA,"29625053, 23000897, 18948947, 14993899, 29230811, 29489755, 27311963, 22156295, 26939876",NA
PTPRK,TSG,"TSG, fusion",NA,NA,"14993899, 22842228, 27311963",NA
PTPRO,Candidate,NA,NA,NA,21499247,melanoma
PTX3,Candidate,NA,NA,NA,28362259,pan-cancer_adult
PEX2,Candidate,NA,NA,NA,27311963,pan-cancer_adult
PZP,Candidate,NA,NA,NA,29622466,pan-gastric
RAC1,OCG,oncogene,NA,Oncogene,"29625053, 26950094, 26091043, 14993899, 22817889, 22842228, 26214590, 24390350, 27311963, 32494066, 26343386, 24755198",NA
RAD17,TSG,TSG,NA,NA,14993899,NA
RAD21,Candidate,"oncogene, TSG",NA,NA,"29625053, 23634996, 22976956, 14993899, 24132290, 24390350, 25501392, 27311963",NA
RAD23B,Candidate,NA,NA,NA,27311963,pan-cancer_adult
RAD51B,TSG,"TSG, fusion",NA,NA,"14993899, 26017449",NA
RAF1,OCG,"oncogene, fusion",NA,Oncogene,"29625053, 27158780, 14993899, 26000489, 32494066, 23583981",NA
RAG1,Candidate,NA,NA,NA,29489755,pan-cancer_paediatric
RAG2,Candidate,NA,NA,NA,"29489755, 24413735","pan-cancer_paediatric, acute_lymphoblastic_leukemia"
RANBP2,TSG,"TSG, fusion",NA,NA,14993899,NA
RAP1GDS1,OCG,"oncogene, fusion",NA,NA,14993899,NA
RARA,OCG,"oncogene, fusion",NA,NA,"29625053, 14993899, 26437033",NA
RARRES2,Candidate,NA,NA,NA,27311963,pan-cancer_adult
RASA1,Candidate,NA,NA,NA,"21798897, 29625053, 29622464, 27158780, 25079317, 30718927, 28667006, 24390350, 25501392, 29622466, 27311963","squamous_head_and_neck_cancer, pan-cancer_adult, pan-gynecological and breast, lung_cancer_(all_histologies), gastric_adenocarcinoma, esophageal_adenocarcinoma, cholangiocarcinoma, pan-cancer_adult, pan-cancer_adult, pan-gastric, pan-cancer_adult"
RASA2,Candidate,NA,NA,NA,31444325,multiple_myeloma
RASGRF2,Candidate,NA,NA,NA,25501392,pan-cancer_adult
RB1,TSG,TSG,TSG,TSG,"31164371, 29625053, 20601955, 22981675, 29622464, 26950094, 27158780, 18772890, 21720365, 22960745, 23000897, 24120142, 25079552, 24476821, 26091043, 26824661, 28548104, 28292439, 26451490, 18948947, 27064257, 27064257, 14993899, 25151357, 26168399, 27149842, 22722839, 29489754, 21822268, 24121792, 28467829, 23334668, 22980975, 24908143, 28667006, 24132290, 27126562, 26632267, 24390350, 28027327, 24686850, 29622466, 29489755, 31444325, 27311963, 27311963, 27135926, 18772396, 26017449, 22941188, 27161491, 27058444, 32025015, 28988769, 26000489, 22941189, 32494066, 25822088, 26343386, 32024818, 22722201, 26437033, 28622513, 29100075, 25362482, 23539594, 26939876, 30755618, 31937901, 26099045, 27791010",NA
KDM5A,OCG,"oncogene, fusion",NA,NA,"14993899, 28362259, 27311963",NA
RBBP6,Candidate,NA,NA,NA,"26824661, 26121086, 29617667","pan-glioma, neuroblastoma, pan-cancer_adult"
REL,OCG,oncogene,NA,NA,14993899,NA
REG1A,Candidate,NA,NA,NA,27311963,pan-cancer_adult
RELA,Candidate,NA,NA,NA,26437031,T-cell_leukemia/lymphoma
RELB,Candidate,NA,NA,NA,26258847,cutaneous_T_cell_lymphoma
RET,OCG,"oncogene, fusion",Oncogene,Oncogene,"29625053, 28162975, 14993899, 20668451, 26632267, 25576899, 23143597, 24974848, 32494066, 23539594, 26939876",NA
REV3L,Candidate,NA,NA,NA,26790612,squamous_head_and_neck_cancer
RFC1,Candidate,NA,NA,NA,29625053,pan-cancer_adult
RFC4,Candidate,NA,NA,NA,30606723,"dlblc, follicular_lymphoma"
TRIM27,OCG,"oncogene, fusion",NA,NA,14993899,NA
RGS7,Candidate,NA,NA,NA,"14993899, 26168399, 26192917",NA
RGS12,Candidate,NA,NA,NA,22343534,diffuse_large_B-cell_lymphoma
RHEB,Candidate,NA,NA,NA,"29625053, 23792563, 24390350","pan-cancer_adult, clear_cell_renal_cancer, pan-cancer_adult"
RIT2,Candidate,NA,NA,NA,22484628,gastric_adenocarcinoma
RIT1,OCG,NA,NA,Oncogene,"29625053, 27158780, 25079552, 24390350, 32494066",NA
RNASE4,Candidate,NA,NA,NA,31954095,pan-cancer_adult
RNF4,Candidate,NA,NA,NA,27311963,pan-cancer_adult
ROBO2,TSG,TSG,NA,NA,"14993899, 27687306, 27311963, 22561520",NA
ROS1,OCG,"oncogene, fusion",NA,Oncogene,"14993899, 29489754, 20668451, 22158541, 32494066, 26437033",NA
RPGR,Candidate,NA,NA,NA,"23000897, 26451490","breast_cancer, breast_cancer"
RPE,Candidate,NA,NA,NA,27311963,pan-cancer_adult
RPL5,TSG,TSG,NA,NA,"29625053, 29622464, 24120142, 26824661, 23263491, 14993899, 24132290, 24390350, 29489755, 31444325, 27311963, 32025015",NA
RPL10,TSG,TSG,NA,NA,"23263491, 14993899, 29489754, 29489755, 31444325",NA
RPL18A,Candidate,NA,NA,NA,27311963,pan-cancer_adult
RPL22,TSG,"TSG, fusion",NA,NA,"29625053, 29622464, 23636398, 30718927, 27064257, 27064257, 14993899, 29945994, 24132290, 29489755, 26258846, 32025015, 25822088, 22037554, 24816253, 27505681",NA
RPL28,Candidate,NA,NA,NA,27311963,pan-cancer_adult
RPL29,Candidate,NA,NA,NA,28467829,melanoma
RPL31,Candidate,NA,NA,NA,27311963,pan-cancer_adult
RPL34,Candidate,NA,NA,NA,"28362259, 27311963","pan-cancer_adult, pan-cancer_adult"
MRPL12,Candidate,NA,NA,NA,30606723,"dlblc, follicular_lymphoma"
RPS2,Candidate,NA,NA,NA,24390350,pan-cancer_adult
RPS3A,Candidate,NA,NA,NA,31444325,multiple_myeloma
RPS6KA3,Candidate,NA,NA,NA,"29625053, 27064257, 27064257, 22561517, 32025015, 25822088, 28622513, 25362482","pan-cancer_adult, hepatocellular_carcinoma, cholangiocarcinoma, hepatocellular_carcinoma, cholangiocarcinoma, hepatocellular_carcinoma, pan-cancer_adult, hepatocellular_carcinoma, hepatocellular_carcinoma, hepatocellular_carcinoma"
RPS13,Candidate,NA,NA,NA,27009842,neuroblastoma
RPS15,Candidate,NA,NA,NA,"26790612, 26466571, 24390350","squamous_head_and_neck_cancer, chronic_lymphocytic_leukemia, pan-cancer_adult"
RPS27,Candidate,NA,NA,NA,"26091043, 28467829, 28362259","melanoma, melanoma, pan-cancer_adult"
RPS27A,Candidate,NA,NA,NA,27311963,pan-cancer_adult
RRAD,Candidate,NA,NA,NA,27311963,pan-cancer_adult
RRAS,Candidate,NA,NA,NA,26457647,juvenile_myelomonocytic_leukemia
RREB1,Candidate,NA,NA,NA,28810144,pancreatic_ductal_adenocarcinoma
RS1,Candidate,NA,NA,NA,29354286,pan-cancer_adult
CLIP1,Candidate,NA,NA,NA,"26824661, 22156295","pan-glioma, pancreatic_ductal_adenocarcinoma"
RXRA,Candidate,NA,NA,NA,"29625053, 24476821, 24390350, 27311963, 28988769","pan-cancer_adult, bladder_cancer, pan-cancer_adult, pan-cancer_adult, bladder_cancer"
RYR1,Candidate,NA,NA,NA,22138691,clear_cell_renal_cancer
S100A1,Candidate,NA,NA,NA,27311963,pan-cancer_adult
S100A7,Candidate,fusion,NA,NA,"14993899, 28362259",NA
S100A8,Candidate,NA,NA,NA,27311963,pan-cancer_adult
SALL1,Candidate,NA,NA,NA,28551381,colorectal_adenocarcinoma
ATXN1,Candidate,NA,NA,NA,"26437031, 25855536","T-cell_leukemia/lymphoma, pancreatic_ductal_adenocarcinoma"
SCN3A,Candidate,NA,NA,NA,30718927,esophageal_adenocarcinoma
SCN5A,Candidate,NA,NA,NA,18772397,pancreatic_ductal_adenocarcinoma
SCN9A,Candidate,NA,NA,NA,"24120142, 18772396","glioblastoma, glioblastoma"
SCN10A,Candidate,NA,NA,NA,23525077,esophageal_adenocarcinoma
SDHA,TSG,TSG,NA,NA,14993899,NA
SDHB,TSG,TSG,NA,NA,14993899,NA
SDHC,TSG,TSG,NA,NA,14993899,NA
SDHD,TSG,TSG,NA,NA,"14993899, 28362259",NA
SEC14L1,Candidate,NA,NA,NA,28362259,pan-cancer_adult
SELP,Candidate,NA,NA,NA,"29489754, 24390350","pan-cancer_paediatric, pan-cancer_adult"
SEMG1,Candidate,NA,NA,NA,"24120142, 26824661","glioblastoma, pan-glioma"
SEMG2,Candidate,NA,NA,NA,29622466,pan-gastric
MAP2K4,Candidate,"oncogene, TSG",NA,NA,"26909576, 29625053, 29622464, 23103869, 23000897, 26451490, 14993899, 26804919, 28667006, 24132290, 24390350, 28027327, 25501392, 27311963, 22608084, 27135926, 27161491, 32025015, 32024818, 22722201, 26099045",NA
SET,OCG,"oncogene, fusion",NA,NA,14993899,NA
SFPQ,TSG,"TSG, fusion",NA,NA,"22976956, 14993899, 27311963, 27311963",NA
SFRP4,TSG,TSG,NA,NA,14993899,NA
SRSF1,Candidate,NA,NA,NA,22158541,chronic_lymphocytic_leukemia
SRSF2,OCG,oncogene,Oncogene,NA,"29625053, 14993899, 24390350, 26648538, 26908133, 29617667, 23539594, 21909114",NA
SRSF3,OCG,"oncogene, fusion",NA,NA,14993899,NA
SRSF5,Candidate,NA,NA,NA,29617667,pan-cancer_adult
SGK1,OCG,oncogene,NA,NA,"23636398, 30606723, 14993899, 27348297, 29354286, 28128360, 24390350, 22343534, 26608593, 21796119, 32024818",NA
SH3GL1,OCG,"oncogene, fusion",NA,NA,14993899,NA
SHH,Candidate,NA,NA,NA,27311963,pan-cancer_adult
SI,Candidate,NA,NA,NA,"21798897, 29489754, 27311963, 27311963, 22158541, 21798893","squamous_head_and_neck_cancer, pan-cancer_paediatric, pan-cancer_adult, pan-cancer_adult, chronic_lymphocytic_leukemia, squamous_head_and_neck_cancer"
ST6GAL1,Candidate,NA,NA,NA,"30606723, 29354286","dlblc, follicular_lymphoma, pan-cancer_adult"
STIL,OCG,"oncogene, fusion",NA,NA,14993899,NA
SIX1,OCG,oncogene,NA,NA,"14993899, 29489754, 29489755",NA
SKI,OCG,oncogene,NA,NA,14993899,NA
SKP2,Candidate,NA,NA,NA,18772396,glioblastoma
SLAMF1,Candidate,NA,NA,NA,28362259,pan-cancer_adult
SLC1A3,Candidate,NA,NA,NA,"26947078, 24390350","renal_cancer_(all_histologies), pan-cancer_adult"
SLC1A6,Candidate,NA,NA,NA,18772397,pancreatic_ductal_adenocarcinoma
SLC4A2,Candidate,NA,NA,NA,27311963,pan-cancer_adult
SMTN,Candidate,NA,NA,NA,27311963,pan-cancer_adult
SLC5A3,Candidate,NA,NA,NA,25401301,non-clear_cell_renal_cancer
SLC6A2,Candidate,NA,NA,NA,20668451,lung_cancer_(all_histologies)
SLC6A3,Candidate,NA,NA,NA,26824661,pan-glioma
SLC6A9,Candidate,NA,NA,NA,28362259,pan-cancer_adult
SLC6A11,Candidate,NA,NA,NA,21499247,melanoma
SLC13A1,Candidate,NA,NA,NA,29854292,breast_cancer
SLC15A1,Candidate,NA,NA,NA,18987736,acute_myeloid_leukemia
SLC15A2,Candidate,NA,NA,NA,22842228,melanoma
SLC22A1,Candidate,NA,NA,NA,27064257,"hepatocellular_carcinoma, cholangiocarcinoma"
SLC22A2,Candidate,NA,NA,NA,28362259,pan-cancer_adult
SLIT3,Candidate,NA,NA,NA,"30718927, 22941188","esophageal_adenocarcinoma, small_cell_lung_cancer"
SMARCA1,Candidate,NA,NA,NA,"29625053, 21804550","pan-cancer_adult, diffuse_large_B-cell_lymphoma"
HLTF,Candidate,NA,NA,NA,27311963,pan-cancer_adult
SMARCA4,TSG,TSG,TSG,NA,"26909576, 29625053, 27158780, 25079552, 26061751, 26824661, 23525077, 30718927, 14993899, 29489754, 29354286, 22980975, 24336570, 18772397, 22832583, 29945994, 27687306, 24390350, 25501392, 30926794, 23143597, 29489755, 27311963, 27135926, 31558468, 31558468, 21163964, 22820256, 32025015, 23143595, 22722829, 28622513, 23539594, 24952744, 24658002",NA
SMARCB1,TSG,TSG,TSG,NA,"29625053, 26947078, 14993899, 29489754, 25576899, 24390350, 22797305, 25501392, 32025015, 26536169, 23539594, 21499247",NA
SMARCD1,TSG,TSG,NA,NA,"28297679, 14993899, 22722201",NA
SMARCE1,TSG,TSG,NA,NA,14993899,NA
SMO,OCG,oncogene,Oncogene,Oncogene,"26950094, 23348505, 14993899, 29489754, 27311963, 32494066, 24859340, 23539594",NA
SNRPA,Candidate,NA,NA,NA,21499247,melanoma
SNRPD2,Candidate,NA,NA,NA,27311963,pan-cancer_adult
SNRPD3,Candidate,NA,NA,NA,29617667,pan-cancer_adult
SNRPN,Candidate,NA,NA,NA,"28362259, 29617667","pan-cancer_adult, pan-cancer_adult"
SNTB1,Candidate,NA,NA,NA,27311963,pan-cancer_adult
SNTB2,Candidate,NA,NA,NA,"31558468, 31558468","burkitt lymphoma, burkitt lymphoma"
SOAT1,Candidate,NA,NA,NA,27149842,colorectal_adenocarcinoma
SON,Candidate,NA,NA,NA,22156295,pancreatic_ductal_adenocarcinoma
SOS1,Candidate,NA,NA,NA,"29625053, 27348297, 24390350","pan-cancer_adult, endometrial_cancer, pan-cancer_adult"
SOX2,OCG,oncogene,NA,NA,14993899,NA
SOX5,Candidate,NA,NA,NA,22156295,pancreatic_ductal_adenocarcinoma
SOX9,TSG,NA,TSG,NA,"29625053, 22810696, 27149842, 26804919, 24132290, 29622466, 27311963, 32025015, 23539594, 26806338",NA
SOX11,Candidate,NA,NA,NA,29354286,pan-cancer_adult
UAP1,Candidate,NA,NA,NA,28467829,melanoma
SPAM1,Candidate,NA,NA,NA,28362259,pan-cancer_adult
SPI1,Candidate,NA,NA,NA,28362259,pan-cancer_adult
SPIB,Candidate,NA,NA,NA,30606723,"dlblc, follicular_lymphoma"
SPN,Candidate,NA,NA,NA,"28362259, 27311963, 28988769","pan-cancer_adult, pan-cancer_adult, bladder_cancer"
SPRR2B,Candidate,NA,NA,NA,22037554,gastric_adenocarcinoma
SPTA1,Candidate,NA,NA,NA,"29625053, 23636398, 24120142, 26121086, 24816253, 24896186, 25855536, 22484628","pan-cancer_adult, endometrial_cancer, glioblastoma, neuroblastoma, gastric_adenocarcinoma, intracranial_germ_cell, pancreatic_ductal_adenocarcinoma, gastric_adenocarcinoma"
SPTAN1,Candidate,NA,NA,NA,"29625053, 27311963, 28988769","pan-cancer_adult, pan-cancer_adult, bladder_cancer"
SPTB,Candidate,NA,NA,NA,26909576,pancreatic_cancer_(all_histologies)
SPTBN2,Candidate,NA,NA,NA,25501392,pan-cancer_adult
SRC,OCG,oncogene,NA,Oncogene,"14993899, 32494066",NA
AKR1D1,Candidate,NA,NA,NA,28362259,pan-cancer_adult
RO60,Candidate,NA,NA,NA,26451490,breast_cancer
SSB,Candidate,NA,NA,NA,21499247,melanoma
SSBP1,Candidate,NA,NA,NA,28362259,pan-cancer_adult
SSX1,OCG,"oncogene, fusion",NA,NA,14993899,NA
SSX2,OCG,"oncogene, fusion",NA,NA,14993899,NA
SSX4,OCG,"oncogene, fusion",NA,NA,14993899,NA
DENND2B,Candidate,NA,NA,NA,27311963,pan-cancer_adult
STAT3,OCG,oncogene,NA,NA,"24700472, 14993899, 26192917, 26437031, 22343534, 24362818",NA
STAT4,Candidate,NA,NA,NA,21499247,melanoma
STAT5B,Candidate,"oncogene, TSG, fusion",NA,NA,"26192916, 14993899, 26192917, 29489755",NA
STAT6,OCG,"oncogene, fusion",NA,NA,"14993899, 28064239, 22343534, 27311963, 24362818",NA
STC1,Candidate,NA,NA,NA,21499247,melanoma
STIM1,Candidate,NA,NA,NA,27158780,lung_cancer_(all_histologies)
STK4,Candidate,NA,NA,NA,27311963,pan-cancer_adult
AURKA,Candidate,NA,NA,NA,26939876,triple_negative_breast_cancer
STK11,TSG,TSG,TSG,TSG,"29625053, 27158780, 25079552, 18948947, 28297679, 30718927, 14993899, 22980975, 28667006, 28362259, 27687306, 24132290, 24390350, 25501392, 22327622, 27311963, 27311963, 27135926, 24390348, 32494066, 32024818, 22722201, 23539594, 26099045, 25301631",NA
STXBP1,Candidate,NA,NA,NA,27311963,pan-cancer_adult
SULT2B1,Candidate,NA,NA,NA,27311963,pan-cancer_adult
XCL2,Candidate,NA,NA,NA,28362259,pan-cancer_adult
SYK,OCG,"oncogene, fusion",NA,NA,"20601955, 14993899, 22343534, 24755198",NA
SYN2,Candidate,NA,NA,NA,22343534,diffuse_large_B-cell_lymphoma
SYT4,Candidate,NA,NA,NA,21499247,melanoma
TACC1,Candidate,NA,NA,NA,22817889,melanoma
TAF1,Candidate,NA,NA,NA,"29625053, 29622464, 23636398, 24132290, 28485815","pan-cancer_adult, pan-gynecological and breast, endometrial_cancer, pan-cancer_adult, clear_cell_endometrial_cancer"
TAF4,Candidate,NA,NA,NA,27311963,pan-cancer_adult
TAF11,Candidate,NA,NA,NA,"28362259, 27311963, 28988769","pan-cancer_adult, pan-cancer_adult, bladder_cancer"
TAL1,OCG,"oncogene, fusion",NA,NA,"14993899, 29489755",NA
TAL2,OCG,"oncogene, fusion",NA,NA,"14993899, 29489755",NA
TAP1,Candidate,NA,NA,NA,24390350,pan-cancer_adult
TBCD,Candidate,NA,NA,NA,27311963,pan-cancer_adult
TBP,Candidate,NA,NA,NA,"27064257, 26790612","hepatocellular_carcinoma, cholangiocarcinoma, squamous_head_and_neck_cancer"
ELOC,Candidate,NA,NA,NA,"29625053, 23792563, 26947078, 24390350","pan-cancer_adult, clear_cell_renal_cancer, renal_cancer_(all_histologies), pan-cancer_adult"
TCF4,Candidate,NA,NA,NA,"27311963, 27311963, 32024818","pan-cancer_adult, pan-cancer_adult, pan-cancer_adult"
TBX3,Candidate,"oncogene, TSG",NA,NA,"29625053, 29622464, 23000897, 26451490, 14993899, 24132290, 24390350, 27135926, 27161491, 22722201, 26099045",NA
HNF1A,TSG,TSG,TSG,NA,"14993899, 22561517, 23539594",NA
HNF1B,Candidate,NA,NA,NA,21804550,diffuse_large_B-cell_lymphoma
TCF3,Candidate,"oncogene, TSG, fusion",NA,NA,"14993899, 29489754, 30926794, 29489755, 27311963, 31558468, 31558468",NA
TCF7,Candidate,NA,NA,NA,"27149842, 29489755","colorectal_adenocarcinoma, pan-cancer_paediatric"
TCF7L2,OCG,"oncogene, fusion",NA,NA,"29625053, 22810696, 22810696, 14993899, 27149842, 24390350, 29622466, 27311963, 22895193",NA
ZEB1,OCG,oncogene,NA,NA,"26192916, 14993899, 26437031, 28352668, 27058444",NA
TCF12,Candidate,NA,NA,NA,"29625053, 26061751, 26824661","pan-cancer_adult, low_grade_glioma, pan-glioma"
TCF21,Candidate,NA,NA,NA,27311963,pan-cancer_adult
TCP11,Candidate,NA,NA,NA,26451490,breast_cancer
TDG,Candidate,NA,NA,NA,20668451,lung_cancer_(all_histologies)
TEC,OCG,"oncogene, fusion",NA,NA,"14993899, 26258847",NA
TMBIM6,Candidate,NA,NA,NA,27311963,pan-cancer_adult
TEP1,Candidate,NA,NA,NA,25501392,pan-cancer_adult
TERT,OCG,"oncogene, TSG",NA,Oncogene,"28297679, 27064257, 27064257, 14993899, 30107175, 28467829, 29354286, 28667006, 28362259, 29489755, 27311963, 31320640, 32025015, 32494066, 26343386, 32024818, 25362482, 30755618, 31954095",NA
TFAP2A,Candidate,NA,NA,NA,27311963,pan-cancer_adult
TFAP4,Candidate,NA,NA,NA,"29489754, 30926794, 31558468, 31558468","pan-cancer_paediatric, burkitt lymphoma, burkitt lymphoma, burkitt lymphoma"
TFDP1,Candidate,NA,NA,NA,"27087322, 27311963, 23583981","prostate_cancer, pan-cancer_adult, paediatric_low_grade_glioma"
TFE3,OCG,"oncogene, fusion",NA,NA,14993899,NA
TG,Candidate,NA,NA,NA,27236916,papillary_thyroid_cancer
TGFA,Candidate,NA,NA,NA,26824661,pan-glioma
TGFBR1,Candidate,NA,NA,NA,"26909576, 28522256, 26806338","pancreatic_cancer_(all_histologies), diffuse_gastric_adenocarcinoma, ampullary_adenocarcinoma"
TGFBR2,TSG,TSG,NA,NA,"26909576, 29625053, 23103869, 22810696, 25631445, 28548104, 30718927, 14993899, 26804919, 18772397, 29945994, 28667006, 24132290, 24390350, 29622466, 27311963, 32025015, 26154128, 28810144, 28112728, 28052061, 24816253, 26939876, 26806338",NA
TGFBR3,Candidate,NA,NA,NA,28452984,chronic_myeloid_leukemia
TGIF1,Candidate,NA,NA,NA,"29625053, 27149842, 29622466","pan-cancer_adult, colorectal_adenocarcinoma, pan-gastric"
TGM1,Candidate,NA,NA,NA,27325650,penile_squamous_cancer
THBS1,Candidate,NA,NA,NA,24816253,gastric_adenocarcinoma
THBS2,Candidate,NA,NA,NA,28551381,colorectal_adenocarcinoma
TCHH,Candidate,NA,NA,NA,24120142,glioblastoma
TIA1,Candidate,NA,NA,NA,29617667,pan-cancer_adult
TIAL1,Candidate,NA,NA,NA,29617667,pan-cancer_adult
NKX2-1,Candidate,"oncogene, TSG",NA,NA,"14993899, 29489755",NA
TJP1,Candidate,NA,NA,NA,27311963,pan-cancer_adult
TLE1,Candidate,NA,NA,NA,28452984,chronic_myeloid_leukemia
TLE4,Candidate,NA,NA,NA,"26909576, 21339757","pancreatic_cancer_(all_histologies), acute_myeloid_leukemia"
TLL1,Candidate,NA,NA,NA,23525077,esophageal_adenocarcinoma
TLL2,Candidate,NA,NA,NA,21804550,diffuse_large_B-cell_lymphoma
TLR2,Candidate,NA,NA,NA,"28531216, 22158541","esophageal_adenocarcinoma, chronic_lymphocytic_leukemia"
TLR4,Candidate,NA,NA,NA,"29625053, 23525077, 28531216, 20668451, 24132290, 22842228, 26503331, 24952744","pan-cancer_adult, esophageal_adenocarcinoma, esophageal_adenocarcinoma, lung_cancer_(all_histologies), pan-cancer_adult, melanoma, lung_squamous_cell_carcinoma, esophageal_adenocarcinoma"
TLR5,Candidate,NA,NA,NA,28531216,esophageal_adenocarcinoma
TMPRSS2,Candidate,NA,NA,NA,"22981675, 27087322","prostate_cancer, prostate_cancer"
TMSB4X,Candidate,NA,NA,NA,"29625053, 29354286, 26608593, 28479318, 31558468, 31558468, 32024818","pan-cancer_adult, pan-cancer_adult, diffuse_large_B-cell_lymphoma, cutaneous_DLBCL, burkitt lymphoma, burkitt lymphoma, pan-cancer_adult"
TNF,Candidate,NA,NA,NA,"24390350, 22343534","pan-cancer_adult, diffuse_large_B-cell_lymphoma"
TNFAIP3,TSG,TSG,TSG,NA,"29625053, 14993899, 26437031, 24362818, 21804550, 23539594, 26939876",NA
TNFAIP6,Candidate,NA,NA,NA,23636398,endometrial_cancer
TNFRSF1B,Candidate,NA,NA,NA,26258847,cutaneous_T_cell_lymphoma
TNR,Candidate,NA,NA,NA,18772397,pancreatic_ductal_adenocarcinoma
TP53,TSG,"oncogene, TSG, fusion",TSG,TSG,"21798897, 22877736, 26934577, 31164371, 25730765, 24747642, 26909576, 29625053, 22722202, 22610119, 20601955, 21892161, 24633157, 22981675, 29622464, 23103869, 26950094, 25010205, 24705254, 26928227, 27158780, 18772890, 21720365, 22960745, 22810696, 23000897, 23634996, 24120142, 23792563, 23636398, 25155756, 25079317, 25079552, 24476821, 26061751, 25631445, 26091043, 26824661, 24185513, 28548104, 21430775, 26947078, 28292439, 28522256, 26192916, 28256603, 26451490, 18948947, 23525077, 25401301, 29854292, 31969336, 28297679, 27325650, 24705250, 30718927, 22634756, 27064257, 27064257, 14993899, 25151357, 26168399, 24487277, 27149842, 27348297, 26804919, 30107175, 22980976, 22722839, 29489754, 21822268, 22561517, 22138691, 24121792, 28467829, 30322867, 22817889, 23334668, 29354286, 29354286, 22922871, 26790612, 22980975, 26192917, 24336570, 18772397, 22832583, 29945994, 28667006, 28362259, 27687306, 20668451, 20668451, 20668451, 20668451, 20668451, 24132290, 26437031, 26632267, 22842228, 26214590, 28064239, 25576899, 23415222, 26466571, 28128360, 24390350, 23104009, 28485815, 25240281, 30132154, 28027327, 25501392, 21822264, 24997986, 26503331, 28098136, 24952746, 24686850, 22327622, 22327622, 22510280, 29622466, 22343534, 30926794, 23143597, 29489755, 27063598, 28412734, 26608593, 31444325, 21796119, 27311963, 27311963, 26258846, 31320640, 22608084, 27135926, 22561520, 31558468, 31558468, 18772396, 21163964, 21804550, 26017449, 22941188, 27161491, 24974848, 32139151, 25743702, 26960396, 22820256, 27058444, 22158541, 29438696, 31101826, 32025015, 23143595, 28988769, 22722829, 26000489, 27313181, 22941189, 32494066, 26154128, 25822088, 22286061, 27595477, 22895193, 26343386, 32024818, 27236916, 22722201, 21798893, 26437033, 23770606, 24705252, 26544944, 26536169, 28810144, 28622513, 29100075, 28052061, 25223734, 25362482, 28551381, 23539594, 25719666, 22150006, 22037554, 22156295, 24896186, 24816253, 27270107, 24952744, 26939876, 25855536, 24705251, 26625313, 30755618, 31937901, 26806338, 26099045, 21909114, 26998897, 22484628, 23583981, 24880341, 25301631, 27791010, 27647909, 27505681",NA
TP53BP1,Candidate,NA,NA,NA,24390350,pan-cancer_adult
TP53BP2,Candidate,NA,NA,NA,26909576,pancreatic_cancer_(all_histologies)
TP73,Candidate,NA,NA,NA,26168399,small_cell_lung_cancer
TPM3,TSG,"TSG, fusion",NA,NA,14993899,NA
TPO,Candidate,NA,NA,NA,18772397,pancreatic_ductal_adenocarcinoma
TPR,Candidate,NA,NA,NA,26625313,bladder_cancer
TPSAB1,Candidate,NA,NA,NA,28362259,pan-cancer_adult
TPTE,Candidate,NA,NA,NA,28362259,pan-cancer_adult
TRAF1,Candidate,NA,NA,NA,30606723,"dlblc, follicular_lymphoma"
TRAF2,Candidate,NA,NA,NA,"26466571, 31444325","chronic_lymphocytic_leukemia, multiple_myeloma"
TRAF3,Candidate,NA,NA,NA,"29625053, 28256603, 28531216, 26466571, 24390350, 28098136, 31444325, 21804550, 26258847","pan-cancer_adult, nasopharyngeal_carcinoma, esophageal_adenocarcinoma, chronic_lymphocytic_leukemia, pan-cancer_adult, nasopharyngeal_carcinoma, multiple_myeloma, diffuse_large_B-cell_lymphoma, cutaneous_T_cell_lymphoma"
TRAF5,Candidate,NA,NA,NA,20668451,breast_cancer
TRAF6,Candidate,NA,NA,NA,28531216,esophageal_adenocarcinoma
TRIO,Candidate,NA,NA,NA,25790038,papillary_renal_cell_carcinoma
TRO,Candidate,NA,NA,NA,22158541,chronic_lymphocytic_leukemia
TRPC6,Candidate,NA,NA,NA,27064257,"hepatocellular_carcinoma, cholangiocarcinoma"
TRPM2,Candidate,NA,NA,NA,26934577,oral_squamous_cell_carcinoma
TRPS1,Candidate,NA,NA,NA,"29354286, 22895193","pan-cancer_adult, colorectal_adenocarcinoma"
TSC1,TSG,TSG,TSG,TSG,"29625053, 24476821, 14993899, 27494029, 22138691, 24121792, 24390350, 23619167, 27311963, 32025015, 28988769, 32494066, 25362482, 23539594, 26939876",NA
TSC2,TSG,TSG,NA,NA,"29625053, 14993899, 24487277, 27494029, 21252315, 23619167, 27311963, 25362482",NA
TSHR,OCG,oncogene,Oncogene,NA,"14993899, 30107175, 25576899, 23539594",NA
TSPYL1,Candidate,NA,NA,NA,27311963,pan-cancer_adult
TTC4,Candidate,NA,NA,NA,28362259,pan-cancer_adult
TTK,Candidate,NA,NA,NA,22037554,gastric_adenocarcinoma
TUBA3C,Candidate,NA,NA,NA,22941188,small_cell_lung_cancer
TWIST1,Candidate,NA,NA,NA,27311963,pan-cancer_adult
TYRP1,Candidate,NA,NA,NA,26824661,pan-glioma
U2AF1,OCG,oncogene,Oncogene,Oncogene,"26909576, 29625053, 27158780, 23634996, 25079552, 28292439, 14993899, 27348297, 22158538, 26886259, 22980975, 27687306, 24132290, 24390350, 29489755, 27063598, 26648538, 26908133, 27311963, 32025015, 32494066, 29617667, 23539594, 21909114",NA
UBB,Candidate,NA,NA,NA,21499247,melanoma
UBE2A,Candidate,NA,NA,NA,22343534,diffuse_large_B-cell_lymphoma
UBE2D1,Candidate,NA,NA,NA,21499247,melanoma
UGT2B10,Candidate,NA,NA,NA,21499247,melanoma
UMPS,Candidate,NA,NA,NA,27311963,pan-cancer_adult
COL14A1,Candidate,NA,NA,NA,25855536,pancreatic_ductal_adenocarcinoma
USH2A,Candidate,NA,NA,NA,"23000897, 23636398, 25576899, 21798893, 22156295","breast_cancer, endometrial_cancer, anaplastic_thyroid_carcinoma, squamous_head_and_neck_cancer, pancreatic_ductal_adenocarcinoma"
KDM6A,TSG,"oncogene, TSG",TSG,TSG,"26909576, 29625053, 22610119, 24633157, 27158780, 24476821, 28548104, 20054297, 23263491, 30718927, 14993899, 25151357, 26804919, 30107175, 29489754, 21822268, 24121792, 22832583, 24908143, 29945994, 24132290, 26437031, 28128360, 24390350, 25501392, 24686850, 29489755, 31444325, 27311963, 27311963, 27135926, 27161491, 22820256, 32025015, 28988769, 22722829, 26000489, 32494066, 32024818, 26536169, 28551381, 23539594, 25719666, 26939876, 26625313, 30755618",NA
VAV1,Candidate,fusion,NA,NA,"14993899, 26437031, 26258847",NA
VHL,TSG,TSG,TSG,TSG,"29625053, 23792563, 26947078, 14993899, 22397650, 22138691, 24132290, 24390350, 27311963, 22683710, 32025015, 32494066, 25351205, 32024818, 23539594, 22158988",NA
EZR,Candidate,NA,NA,NA,24390350,pan-cancer_adult
VWF,Candidate,NA,NA,NA,22156295,pancreatic_ductal_adenocarcinoma
WAS,OCG,oncogene,NA,NA,14993899,NA
ZAN,Candidate,NA,NA,NA,18772397,pancreatic_ductal_adenocarcinoma
CLIP2,Candidate,NA,NA,NA,25501392,pan-cancer_adult
NSD2,OCG,"oncogene, fusion",NA,NA,"29625053, 14993899, 29489755, 25961940",NA
WNT2,Candidate,NA,NA,NA,24120142,glioblastoma
WRN,TSG,TSG,NA,NA,"14993899, 26632267",NA
WT1,TSG,"oncogene, TSG, fusion",TSG,NA,"29625053, 23634996, 23263491, 22976956, 14993899, 29489754, 24132290, 24390350, 25501392, 29489755, 27063598, 27063598, 23539594, 26939876, 22817890",NA
XBP1,Candidate,NA,NA,NA,"25730765, 29489755, 31444325, 27135926","acute_lymphocytic_leukemia, pan-cancer_paediatric, multiple_myeloma, breast_cancer"
XDH,Candidate,NA,NA,NA,27311963,pan-cancer_adult
XPA,TSG,TSG,NA,NA,14993899,NA
XPC,TSG,TSG,NA,NA,14993899,NA
XPNPEP2,Candidate,NA,NA,NA,22941188,small_cell_lung_cancer
XPO1,OCG,oncogene,NA,Oncogene,"29625053, 14993899, 23415222, 26466571, 24390350, 21642962, 22158541, 32494066",NA
XRCC5,Candidate,NA,NA,NA,28362259,pan-cancer_adult
YWHAE,TSG,"TSG, fusion",NA,NA,14993899,NA
SF1,Candidate,NA,NA,NA,"29625053, 27311963, 28988769, 29617667","pan-cancer_adult, pan-cancer_adult, bladder_cancer, pan-cancer_adult"
ZFX,Candidate,NA,NA,NA,26091043,melanoma
ZIC1,Candidate,NA,NA,NA,29489754,pan-cancer_paediatric
ZIC3,Candidate,NA,NA,NA,22634756,hepatocellular_carcinoma
ZNF711,Candidate,NA,NA,NA,27311963,pan-cancer_adult
CNBP,TSG,"TSG, fusion",NA,NA,14993899,NA
ZNF28,Candidate,NA,NA,NA,26451490,breast_cancer
ZNF33A,Candidate,NA,NA,NA,29854292,breast_cancer
ZNF99,Candidate,NA,NA,NA,24120142,glioblastoma
MKRN3,Candidate,NA,NA,NA,20668451,lung_cancer_(all_histologies)
ZNF131,Candidate,NA,NA,NA,29617667,pan-cancer_adult
ZNF133,Candidate,NA,NA,NA,29625053,pan-cancer_adult
ZNF143,Candidate,NA,NA,NA,28658208,breast_cancer
ZBTB16,TSG,"TSG, fusion",NA,NA,"14993899, 26000489",NA
VEZF1,Candidate,NA,NA,NA,24132290,pan-cancer_adult
ZNF165,Candidate,NA,NA,NA,27311963,pan-cancer_adult
ZNF180,Candidate,NA,NA,NA,"24390350, 27311963","pan-cancer_adult, pan-cancer_adult"
ZMYM2,Candidate,NA,NA,NA,"29625053, 20668451, 24413735","pan-cancer_adult, lung_cancer_(all_histologies), acute_lymphoblastic_leukemia"
ZNF207,Candidate,NA,NA,NA,29617667,pan-cancer_adult
ZNF208,Candidate,NA,NA,NA,22895193,colorectal_adenocarcinoma
ZNF215,Candidate,NA,NA,NA,27311963,pan-cancer_adult
ZNF217,Candidate,NA,NA,NA,"29489755, 27135926","pan-cancer_paediatric, breast_cancer"
ZNF226,Candidate,NA,NA,NA,22634756,hepatocellular_carcinoma
ZNF227,Candidate,NA,NA,NA,25501392,pan-cancer_adult
MAP3K12,Candidate,NA,NA,NA,26121086,neuroblastoma
LUZP1,Candidate,NA,NA,NA,27311963,pan-cancer_adult
PRDM2,TSG,TSG,NA,NA,"14993899, 25501392, 27270107, 26625313",NA
CSDE1,Candidate,NA,NA,NA,"29625053, 23636398, 28162975","pan-cancer_adult, endometrial_cancer, pheochromocytoma,_paraganglioma"
BTG2,Candidate,NA,NA,NA,"29625053, 24476821, 30606723, 28064239, 28479318, 21796119, 31558468, 31558468","pan-cancer_adult, bladder_cancer, dlblc, follicular_lymphoma, follicular_lymphoma, cutaneous_DLBCL, non-Hodgkin_lymphoma, burkitt lymphoma, burkitt lymphoma"
PXDN,Candidate,NA,NA,NA,"18772397, 27009842","pancreatic_ductal_adenocarcinoma, neuroblastoma"
ALMS1,Candidate,NA,NA,NA,"26168399, 22156295","small_cell_lung_cancer, pancreatic_ductal_adenocarcinoma"
RNF103,Candidate,NA,NA,NA,22158541,chronic_lymphocytic_leukemia
CXCR4,OCG,oncogene,NA,NA,"30606723, 14993899, 29354286, 28064239, 31558468, 31558468",NA
BRPF1,Candidate,NA,NA,NA,25501392,pan-cancer_adult
USP7,Candidate,NA,NA,NA,"29489755, 31558468, 31558468","pan-cancer_paediatric, burkitt lymphoma, burkitt lymphoma"
KCNAB1,Candidate,NA,NA,NA,22158541,chronic_lymphocytic_leukemia
REEP5,Candidate,NA,NA,NA,27311963,pan-cancer_adult
DEK,OCG,"oncogene, fusion",NA,NA,14993899,NA
ALDH5A1,Candidate,NA,NA,NA,29622466,pan-gastric
NELFE,Candidate,NA,NA,NA,29617667,pan-cancer_adult
TFEB,OCG,"oncogene, fusion",NA,NA,14993899,NA
FZD3,Candidate,NA,NA,NA,"22810696, 31558468, 31558468","colorectal_adenocarcinoma, burkitt lymphoma, burkitt lymphoma"
KAT6A,OCG,"oncogene, fusion",NA,NA,"23525077, 14993899",NA
GLRA3,Candidate,NA,NA,NA,27236916,papillary_thyroid_cancer
NR4A3,OCG,"oncogene, fusion",NA,NA,14993899,NA
BRD3,OCG,"oncogene, fusion",NA,NA,"14993899, 22980975",NA
NUP214,Candidate,NA,NA,NA,29489755,pan-cancer_paediatric
MLLT10,OCG,"oncogene, fusion",NA,NA,"14993899, 29489755",NA
CUBN,Candidate,NA,NA,NA,25790038,papillary_renal_cell_carcinoma
CCDC6,TSG,"TSG, fusion",NA,NA,"14993899, 24390350",NA
NCOA4,TSG,"TSG, fusion",NA,NA,14993899,NA
USP5,Candidate,NA,NA,NA,27149842,colorectal_adenocarcinoma
KMT2D,TSG,"oncogene, TSG",TSG,NA,"29625053, 24121791, 22610119, 27158780, 22960745, 24476821, 25631445, 28548104, 20054297, 14993899, 25151357, 30107175, 22722839, 29489754, 29950560, 26192917, 22832583, 29945994, 24132290, 28064239, 25576899, 24390350, 30132154, 25501392, 28098136, 24952746, 24686850, 22343534, 29489755, 26608593, 21796119, 27311963, 22608084, 27135926, 24362818, 31558468, 31558468, 21163964, 21804550, 32139151, 22820256, 27058444, 32025015, 28988769, 22722829, 26000489, 27313181, 26154128, 22722201, 21798893, 26437033, 28052061, 23539594, 26939876, 26099045",NA
FXR1,Candidate,NA,NA,NA,"27311963, 23583981","pan-cancer_adult, paediatric_low_grade_glioma"
YEATS4,Candidate,NA,NA,NA,26258846,biliary_tract_cancer
HMGA2,OCG,"oncogene, fusion",NA,NA,14993899,NA
TCL1A,OCG,"oncogene, fusion",NA,NA,"14993899, 29354286, 31444325, 31558468, 31558468",NA
TAF15,OCG,"oncogene, fusion",NA,NA,14993899,NA
COIL,Candidate,NA,NA,NA,30718927,esophageal_adenocarcinoma
ELL,TSG,"TSG, fusion",NA,NA,"28256603, 14993899",NA
GDF5,Candidate,NA,NA,NA,"27149842, 28362259","colorectal_adenocarcinoma, pan-cancer_adult"
NCOA3,Candidate,NA,NA,NA,26451490,breast_cancer
NRIP1,Candidate,NA,NA,NA,27348297,endometrial_cancer
CHAF1B,Candidate,NA,NA,NA,27311963,pan-cancer_adult
LZTR1,TSG,TSG,NA,NA,"29625053, 24120142, 26824661, 14993899, 27311963, 28622513",NA
CLTCL1,TSG,"TSG, fusion",NA,NA,"26934577, 14993899",NA
ZRSR2,TSG,TSG,NA,NA,"14993899, 26908133, 29617667, 26457647, 21909114",NA
USP9X,Candidate,NA,NA,NA,"29625053, 23636398, 26886259, 24132290, 29489755, 27135926, 27161491, 32025015","pan-cancer_adult, endometrial_cancer, acute_promyelocytic_leukemia, pan-cancer_adult, pan-cancer_paediatric, breast_cancer, breast_cancer, pan-cancer_adult"
RBM10,TSG,TSG,NA,NA,"26909576, 29625053, 27158780, 25079552, 14993899, 27149842, 22980975, 27687306, 24390350, 29622466, 27311963, 32025015, 28988769, 29617667, 25855536",NA
KDM5C,TSG,TSG,TSG,NA,"29625053, 23792563, 26947078, 20054297, 14993899, 22397650, 24487277, 22138691, 24132290, 24390350, 27311963, 32025015, 25351205, 23539594",NA
SMC1A,TSG,TSG,NA,NA,"29625053, 24121791, 23634996, 14993899, 26886259, 24132290, 24390350, 25501392, 27063598, 27311963, 22817890",NA
SLC10A3,Candidate,NA,NA,NA,27311963,pan-cancer_adult
ARID1A,TSG,"TSG, fusion",TSG,TSG,"26909576, 29625053, 22610119, 29622464, 23103869, 26950094, 27158780, 23792563, 23636398, 24476821, 25079552, 25079317, 26061751, 24700472, 26824661, 24185513, 26947078, 28292439, 28522256, 26192916, 26451490, 23525077, 28297679, 30718927, 22634756, 27064257, 27064257, 14993899, 24487277, 27149842, 27348297, 26804919, 29489754, 21822268, 22561517, 24121792, 22922871, 22980975, 26192917, 24185509, 18772397, 20826764, 29945994, 28667006, 24132290, 24390350, 28485815, 25501392, 24952746, 29622466, 30926794, 23143597, 29489755, 27063598, 27311963, 26258846, 27135926, 31558468, 31558468, 27161491, 32139151, 32025015, 28988769, 27313181, 32494066, 23202128, 26154128, 25822088, 27595477, 26343386, 22722201, 28052061, 28112728, 28622513, 28810144, 25362482, 23539594, 22037554, 22156295, 24816253, 24952744, 26939876, 25855536, 26099045, 22484628, 25301631",NA
DYSF,Candidate,NA,NA,NA,28452984,chronic_myeloid_leukemia
TRRAP,OCG,oncogene,NA,NA,"14993899, 24121792, 25351205",NA
PICALM,Candidate,NA,NA,NA,25730765,acute_lymphocytic_leukemia
AXIN1,TSG,TSG,TSG,TSG,"29625053, 30718927, 27064257, 27064257, 14993899, 26804919, 22561517, 28412734, 27135926, 32025015, 32494066, 25822088, 32024818, 28622513, 25362482, 23539594, 25855536",NA
AXIN2,TSG,TSG,NA,NA,"29625053, 14993899, 27149842, 29945994, 24132290, 24390350",NA
BAP1,TSG,TSG,TSG,TSG,"29625053, 26928227, 23792563, 24185513, 26947078, 28297679, 27064257, 27064257, 14993899, 24487277, 22138691, 30322867, 24185509, 26683228, 28667006, 24132290, 26632267, 25790038, 24390350, 25501392, 24952746, 27311963, 26258846, 31320640, 22683710, 27161491, 24974848, 32025015, 28810145, 32494066, 25351205, 31253977, 22722201, 26536169, 28622513, 23539594, 26099045",NA
EOMES,Candidate,NA,NA,NA,27311963,pan-cancer_adult
FZD1,Candidate,NA,NA,NA,27009842,neuroblastoma
H2AC16,Candidate,NA,NA,NA,"22343534, 31558468","diffuse_large_B-cell_lymphoma, burkitt lymphoma"
H2AC6,Candidate,NA,NA,NA,"24362818, 32024818","follicular_lymphoma, pan-cancer_adult"
H2AC17,Candidate,NA,NA,NA,"30718927, 28064239, 31558468, 31558468, 32025015","esophageal_adenocarcinoma, follicular_lymphoma, burkitt lymphoma, burkitt lymphoma, pan-cancer_adult"
H2AC20,Candidate,NA,NA,NA,28064239,follicular_lymphoma
H2BC8,Candidate,NA,NA,NA,"24362818, 27791010","follicular_lymphoma, uterine_carcinosarcoma"
H2BC7,Candidate,NA,NA,NA,23334668,acute_lymphocytic_leukemia
H2BC9,Candidate,NA,NA,NA,28479318,cutaneous_DLBCL
H2BC17,Candidate,NA,NA,NA,"30718927, 22343534","esophageal_adenocarcinoma, diffuse_large_B-cell_lymphoma"
H3C4,Candidate,NA,NA,NA,"23334668, 31558468","acute_lymphocytic_leukemia, burkitt lymphoma"
H3C3,Candidate,NA,NA,NA,"24705254, 24705250","diffuse_intrinsic_pontine_glioma, astrocytoma"
H3C11,Candidate,NA,NA,NA,31558468,burkitt lymphoma
H3C8,Candidate,NA,NA,NA,28064239,follicular_lymphoma
H3C12,Candidate,NA,NA,NA,31558468,burkitt lymphoma
H3C10,Candidate,NA,NA,NA,"26790612, 31558468","squamous_head_and_neck_cancer, burkitt lymphoma"
H3C2,OCG,oncogene,Oncogene,NA,"24705254, 24705250, 30718927, 14993899, 29489754, 24390350, 22343534, 27311963, 28988769, 24705252, 23539594, 26099045",NA
H4C4,Candidate,NA,NA,NA,"23334668, 32025015","acute_lymphocytic_leukemia, pan-cancer_adult"
H4C11,Candidate,NA,NA,NA,"31558468, 31558468","burkitt lymphoma, burkitt lymphoma"
H4C8,Candidate,NA,NA,NA,21798893,squamous_head_and_neck_cancer
H4C2,Candidate,NA,NA,NA,22634756,hepatocellular_carcinoma
H4C5,Candidate,NA,NA,NA,24390350,pan-cancer_adult
SPOP,OCG,TSG,Oncogene,Oncogene,"29625053, 22610119, 29622464, 28292439, 31969336, 14993899, 27348297, 20668451, 24132290, 24390350, 23104009, 28485815, 25501392, 27311963, 32025015, 26000489, 32494066, 26544944, 23539594, 26939876",NA
SRPX,Candidate,NA,NA,NA,22343534,diffuse_large_B-cell_lymphoma
LTBP4,Candidate,NA,NA,NA,27270107,glioblastoma
RASAL1,Candidate,NA,NA,NA,25576899,anaplastic_thyroid_carcinoma
NSMAF,Candidate,NA,NA,NA,23583981,paediatric_low_grade_glioma
DHX16,Candidate,NA,NA,NA,"28362259, 29617667","pan-cancer_adult, pan-cancer_adult"
CUL4B,Candidate,NA,NA,NA,24390350,pan-cancer_adult
CUL3,TSG,TSG,NA,NA,"29625053, 27158780, 28548104, 14993899, 25790038, 27311963",NA
CUL1,Candidate,NA,NA,NA,"29625053, 28988769","pan-cancer_adult, bladder_cancer"
IRS4,Candidate,"oncogene, TSG",NA,NA,"26451490, 14993899",NA
OFD1,Candidate,NA,NA,NA,21804550,diffuse_large_B-cell_lymphoma
MAP4K3,Candidate,NA,NA,NA,24390350,pan-cancer_adult
PPM1D,OCG,oncogene,NA,NA,"29625053, 25417114, 30718927, 14993899, 24390350, 24705252, 24705251, 24880341",NA
PKP4,Candidate,NA,NA,NA,21798893,squamous_head_and_neck_cancer
PIK3R3,Candidate,NA,NA,NA,"29622464, 27311963","pan-gynecological and breast, pan-cancer_adult"
CNTNAP1,Candidate,NA,NA,NA,22156295,pancreatic_ductal_adenocarcinoma
ENC1,Candidate,NA,NA,NA,29854292,breast_cancer
DGKE,Candidate,NA,NA,NA,27311963,pan-cancer_adult
YBX3,Candidate,NA,NA,NA,27311963,pan-cancer_adult
CHST1,Candidate,NA,NA,NA,21499247,melanoma
API5,Candidate,NA,NA,NA,27311963,pan-cancer_adult
MAPKAPK5,Candidate,NA,NA,NA,28810145,melanoma
THOC5,Candidate,NA,NA,NA,29617667,pan-cancer_adult
KMO,Candidate,NA,NA,NA,26437031,T-cell_leukemia/lymphoma
MKNK1,Candidate,NA,NA,NA,27311963,pan-cancer_adult
KHSRP,Candidate,NA,NA,NA,22941189,small_cell_lung_cancer
OR6A2,Candidate,NA,NA,NA,23000897,breast_cancer
CDK13,Candidate,NA,NA,NA,23583981,paediatric_low_grade_glioma
TP63,Candidate,"oncogene, TSG",NA,NA,"26934577, 26824661, 14993899, 27311963, 21798893, 21499247, 26939876",NA
UNC5C,Candidate,NA,NA,NA,22343534,diffuse_large_B-cell_lymphoma
RTCA,Candidate,NA,NA,NA,27311963,pan-cancer_adult
DCHS1,Candidate,NA,NA,NA,21804550,diffuse_large_B-cell_lymphoma
NUMB,Candidate,NA,NA,NA,28362259,pan-cancer_adult
SOCS1,TSG,TSG,TSG,NA,"14993899, 24531327, 28128360, 22343534, 24362818, 23539594",NA
DYNLL1,Candidate,NA,NA,NA,32024818,pan-cancer_adult
IRS2,Candidate,NA,NA,NA,27311963,pan-cancer_adult
EIF3A,Candidate,NA,NA,NA,22037554,gastric_adenocarcinoma
EIF3G,Candidate,NA,NA,NA,"30606723, 27311963","dlblc, follicular_lymphoma, pan-cancer_adult"
VAMP4,Candidate,NA,NA,NA,27311963,pan-cancer_adult
SRSF9,Candidate,NA,NA,NA,32024818,pan-cancer_adult
CDC23,Candidate,NA,NA,NA,27311963,pan-cancer_adult
B4GALT3,Candidate,NA,NA,NA,24132290,pan-cancer_adult
SERPINB7,Candidate,NA,NA,NA,28362259,pan-cancer_adult
ABCC3,Candidate,NA,NA,NA,27311963,pan-cancer_adult
EED,TSG,TSG,NA,NA,"14993899, 25240281, 29489755, 27311963, 22237106",NA
RIPK1,Candidate,NA,NA,NA,23415222,chronic_lymphocytic_leukemia
CRADD,Candidate,NA,NA,NA,27311963,pan-cancer_adult
TNFSF10,Candidate,NA,NA,NA,21499247,melanoma
ADAM7,Candidate,NA,NA,NA,21499247,melanoma
PABPC4,Candidate,NA,NA,NA,27311963,pan-cancer_adult
TNFRSF14,TSG,TSG,NA,NA,"14993899, 28064239, 24390350, 22343534, 21796119, 24362818",NA
RAB11A,Candidate,NA,NA,NA,27311963,pan-cancer_adult
DLK1,Candidate,NA,NA,NA,28452984,chronic_myeloid_leukemia
TNFRSF10A,Candidate,NA,NA,NA,20399149,glioblastoma
TRIM24,Candidate,"oncogene, TSG, fusion",NA,NA,"14993899, 29617667",NA
IL18RAP,Candidate,NA,NA,NA,24120142,glioblastoma
INPP4B,Candidate,NA,NA,NA,30606723,"dlblc, follicular_lymphoma"
LIN7A,Candidate,NA,NA,NA,30718927,esophageal_adenocarcinoma
IQGAP1,Candidate,NA,NA,NA,27311963,pan-cancer_adult
NRP1,Candidate,NA,NA,NA,27311963,pan-cancer_adult
CCN6,Candidate,NA,NA,NA,28467829,melanoma
PROM1,Candidate,NA,NA,NA,22158541,chronic_lymphocytic_leukemia
TSC22D1,Candidate,NA,NA,NA,21804550,diffuse_large_B-cell_lymphoma
ASAP2,Candidate,NA,NA,NA,27311963,pan-cancer_adult
NR1I2,Candidate,NA,NA,NA,28362259,pan-cancer_adult
PROZ,Candidate,NA,NA,NA,27311963,pan-cancer_adult
STK19,Candidate,NA,NA,NA,"26950094, 26091043, 22817889, 24390350, 27311963","skin_basal_cell_carcinoma, melanoma, melanoma, pan-cancer_adult, pan-cancer_adult"
LDB1,Candidate,NA,NA,NA,"27311963, 22820256","pan-cancer_adult, medulloblastoma"
PER3,Candidate,NA,NA,NA,27064257,"hepatocellular_carcinoma, cholangiocarcinoma"
SPHK1,Candidate,NA,NA,NA,23583981,paediatric_low_grade_glioma
FUBP1,TSG,oncogene,TSG,TSG,"29625053, 21817013, 26061751, 26824661, 14993899, 26466571, 31444325, 27311963, 22158541, 32494066, 29617667, 23539594",NA
DDX18,Candidate,NA,NA,NA,29617667,pan-cancer_adult
EIF2S2,Candidate,NA,NA,NA,"24390350, 29617667","pan-cancer_adult, pan-cancer_adult"
PRPF4B,Candidate,NA,NA,NA,29617667,pan-cancer_adult
CPNE1,Candidate,NA,NA,NA,27325650,penile_squamous_cancer
CACNA1H,Candidate,NA,NA,NA,18772396,glioblastoma
BCL10,TSG,"TSG, fusion",NA,NA,"14993899, 21796119, 24362818",NA
HERC2,Candidate,NA,NA,NA,"30107175, 26121086, 29590631","hurthle_cell_carcinoma, neuroblastoma, meningioma"
HERC1,Candidate,NA,NA,NA,26121086,neuroblastoma
PHOX2B,TSG,TSG,NA,NA,14993899,NA
FUBP3,Candidate,NA,NA,NA,"27311963, 29617667","pan-cancer_adult, pan-cancer_adult"
AP3D1,Candidate,NA,NA,NA,28362259,pan-cancer_adult
H2AC11,Candidate,NA,NA,NA,"24362818, 31558468, 31558468","follicular_lymphoma, burkitt lymphoma, burkitt lymphoma"
H2BC11,Candidate,NA,NA,NA,"30606723, 27791010","dlblc, follicular_lymphoma, uterine_carcinosarcoma"
MGAM,Candidate,NA,NA,NA,26192917,natural_killer/T_cell_lymphoma
USP13,Candidate,NA,NA,NA,27313181,mucinous_gastric_cancer
TRPA1,Candidate,NA,NA,NA,"26824661, 30718927","pan-glioma, esophageal_adenocarcinoma"
ATP6V0E1,Candidate,NA,NA,NA,28064239,follicular_lymphoma
KALRN,Candidate,NA,NA,NA,"26909576, 24121792","pancreatic_cancer_(all_histologies), bladder_cancer"
SEMA5A,Candidate,NA,NA,NA,24952744,esophageal_adenocarcinoma
MAP7,Candidate,NA,NA,NA,22810696,colorectal_adenocarcinoma
SLC7A6,Candidate,NA,NA,NA,27311963,pan-cancer_adult
MAP3K6,Candidate,NA,NA,NA,27311963,pan-cancer_adult
TBX18,Candidate,NA,NA,NA,18772397,pancreatic_ductal_adenocarcinoma
USP6,OCG,"oncogene, fusion",NA,NA,14993899,NA
USP10,Candidate,NA,NA,NA,25855536,pancreatic_ductal_adenocarcinoma
USP8,OCG,oncogene,NA,NA,14993899,NA
LATS1,TSG,TSG,NA,NA,"29625053, 29622464, 26950094, 14993899",NA
SLC16A4,Candidate,NA,NA,NA,23103869,pancreatic_ductal_adenocarcinoma
CNOT9,Candidate,NA,NA,NA,"29625053, 26091043, 27311963","pan-cancer_adult, melanoma, pan-cancer_adult"
SMC3,Candidate,NA,NA,NA,"29625053, 23634996, 22237025, 24132290, 24390350, 29489755, 27063598, 22817890","pan-cancer_adult, acute_myeloid_leukemia, acute_myeloid_leukemia, pan-cancer_adult, pan-cancer_adult, pan-cancer_paediatric, acute_promyelocytic_leukemia, acute_myeloid_leukemia"
PRPF3,Candidate,NA,NA,NA,29617667,pan-cancer_adult
FAM50A,Candidate,NA,NA,NA,26466571,chronic_lymphocytic_leukemia
CCNB2,Candidate,NA,NA,NA,23792563,clear_cell_renal_cancer
SYNGR2,Candidate,NA,NA,NA,27149842,colorectal_adenocarcinoma
DGKI,Candidate,NA,NA,NA,"28362259, 27311963, 24755198","pan-cancer_adult, pan-cancer_adult, melanoma"
MYOM2,Candidate,NA,NA,NA,21804550,diffuse_large_B-cell_lymphoma
IL1RL1,Candidate,NA,NA,NA,26824661,pan-glioma
MAP3K13,Candidate,"oncogene, TSG",NA,NA,"14993899, 29354286, 22722201, 26099045",NA
OSMR,Candidate,NA,NA,NA,"26934577, 25501392","oral_squamous_cell_carcinoma, pan-cancer_adult"
DCLK1,Candidate,NA,NA,NA,24816253,gastric_adenocarcinoma
ZMYM3,TSG,TSG,NA,NA,"29625053, 26451490, 14993899, 29489754, 23415222, 26466571, 22722829, 29617667, 26544944, 22150006",NA
GPR50,Candidate,NA,NA,NA,27311963,pan-cancer_adult
MFHAS1,Candidate,NA,NA,NA,30606723,"dlblc, follicular_lymphoma"
COPB2,Candidate,NA,NA,NA,27311963,pan-cancer_adult
S1PR2,Candidate,NA,NA,NA,"22343534, 31558468","diffuse_large_B-cell_lymphoma, burkitt lymphoma"
CD83,Candidate,NA,NA,NA,"28479318, 31558468","cutaneous_DLBCL, burkitt lymphoma"
KCNB2,Candidate,NA,NA,NA,28551381,colorectal_adenocarcinoma
KLF4,OCG,"oncogene, TSG",Oncogene,NA,"23348505, 14993899, 27311963, 23539594",NA
TRIP12,Candidate,NA,NA,NA,25501392,pan-cancer_adult
EFTUD2,Candidate,NA,NA,NA,29617667,pan-cancer_adult
SLIT2,Candidate,NA,NA,NA,"30718927, 22941188","esophageal_adenocarcinoma, small_cell_lung_cancer"
PPIG,Candidate,NA,NA,NA,29617667,pan-cancer_adult
SLC9A3R1,Candidate,NA,NA,NA,25401301,non-clear_cell_renal_cancer
NRXN3,Candidate,NA,NA,NA,21798897,squamous_head_and_neck_cancer
ADIPOQ,Candidate,NA,NA,NA,30606723,"dlblc, follicular_lymphoma"
SLC22A8,Candidate,NA,NA,NA,27311963,pan-cancer_adult
NRXN2,Candidate,NA,NA,NA,"21798897, 27311963","squamous_head_and_neck_cancer, pan-cancer_adult"
GRHPR,Candidate,NA,NA,NA,"30606723, 27149842","dlblc, follicular_lymphoma, colorectal_adenocarcinoma"
RECQL4,Candidate,"oncogene, TSG",NA,NA,"14993899, 26804919, 26632267",NA
TMPRSS11D,Candidate,NA,NA,NA,23583981,paediatric_low_grade_glioma
PEX16,Candidate,NA,NA,NA,27311963,pan-cancer_adult
DDX23,Candidate,NA,NA,NA,29617667,pan-cancer_adult
CYP7B1,Candidate,NA,NA,NA,"26214590, 27595477","melanoma, esophageal_adenocarcinoma"
CDYL,Candidate,NA,NA,NA,22941189,small_cell_lung_cancer
ABCG2,Candidate,NA,NA,NA,30718927,esophageal_adenocarcinoma
MED23,Candidate,NA,NA,NA,"24390350, 27311963, 27135926","pan-cancer_adult, pan-cancer_adult, breast_cancer"
QKI,Candidate,"oncogene, TSG",NA,NA,"24120142, 26824661, 28297679, 14993899, 24390350, 29617667, 23583981",NA
EIF2AK3,Candidate,NA,NA,NA,27311963,pan-cancer_adult
ARHGEF6,Candidate,NA,NA,NA,27311963,pan-cancer_adult
AKAP6,Candidate,NA,NA,NA,"23525077, 22158541","esophageal_adenocarcinoma, chronic_lymphocytic_leukemia"
MAPK8IP1,Candidate,NA,NA,NA,24132290,pan-cancer_adult
ONECUT2,Candidate,NA,NA,NA,"27311963, 27311963","pan-cancer_adult, pan-cancer_adult"
CHST10,Candidate,NA,NA,NA,26192917,natural_killer/T_cell_lymphoma
PSMF1,Candidate,NA,NA,NA,28467829,melanoma
MAGED1,Candidate,NA,NA,NA,21430775,multiple_myeloma
ADAMTS3,Candidate,NA,NA,NA,27149842,colorectal_adenocarcinoma
GAL3ST1,Candidate,NA,NA,NA,26451490,breast_cancer
BAG4,Candidate,NA,NA,NA,28362259,pan-cancer_adult
EI24,Candidate,NA,NA,NA,27149842,colorectal_adenocarcinoma
NRG2,Candidate,NA,NA,NA,"18772397, 27311963","pancreatic_ductal_adenocarcinoma, pan-cancer_adult"
ATP5MPL,Candidate,NA,NA,NA,27311963,pan-cancer_adult
BABAM2,Candidate,NA,NA,NA,"22634756, 24390350, 27311963","hepatocellular_carcinoma, pan-cancer_adult, pan-cancer_adult"
CDC42BPB,Candidate,NA,NA,NA,22156295,pancreatic_ductal_adenocarcinoma
APOBEC3B,Candidate,"oncogene, TSG",NA,NA,14993899,NA
RBM39,Candidate,NA,NA,NA,27348297,endometrial_cancer
PDIA4,Candidate,NA,NA,NA,20668451,lung_cancer_(all_histologies)
NFE2L3,Candidate,NA,NA,NA,"24121792, 24132290, 21499247","bladder_cancer, pan-cancer_adult, melanoma"
NCOR1,TSG,TSG,TSG,TSG,"29625053, 22610119, 23000897, 26451490, 14993899, 21822268, 24121792, 28667006, 28362259, 24132290, 25576899, 24390350, 29489755, 27311963, 22608084, 27135926, 27161491, 26000489, 32494066, 22722201, 25362482, 23539594, 26625313",NA
NCOR2,TSG,TSG,NA,NA,"14993899, 29945994, 26000489",NA
MTRF1,Candidate,NA,NA,NA,"28362259, 27311963","pan-cancer_adult, pan-cancer_adult"
GNA14,Candidate,NA,NA,NA,27476652,vascular_cancer
ARHGEF10,TSG,TSG,NA,NA,14993899,NA
PPM1F,Candidate,NA,NA,NA,27311963,pan-cancer_adult
GCC2,Candidate,NA,NA,NA,27311963,pan-cancer_adult
PLCH2,Candidate,NA,NA,NA,"24120142, 27311963","glioblastoma, pan-cancer_adult"
HS2ST1,Candidate,NA,NA,NA,30606723,"dlblc, follicular_lymphoma"
MDC1,Candidate,NA,NA,NA,26632267,osteosarcoma
IQCB1,Candidate,NA,NA,NA,30606723,"dlblc, follicular_lymphoma"
PDE4DIP,Candidate,NA,NA,NA,"26168399, 30132154","small_cell_lung_cancer, gastric_cancer"
WSCD2,Candidate,NA,NA,NA,27311963,pan-cancer_adult
DEPDC5,Candidate,NA,NA,NA,27311963,pan-cancer_adult
N4BP1,Candidate,NA,NA,NA,28256603,nasopharyngeal_carcinoma
EDEM1,Candidate,NA,NA,NA,27311963,pan-cancer_adult
RIMS2,Candidate,NA,NA,NA,"22158541, 22941189, 21798893, 24816253","chronic_lymphocytic_leukemia, small_cell_lung_cancer, squamous_head_and_neck_cancer, gastric_adenocarcinoma"
ESPL1,Candidate,NA,NA,NA,"21822268, 24121792, 26625313","bladder_cancer, bladder_cancer, bladder_cancer"
PPP6R2,Candidate,NA,NA,NA,"23143597, 27311963","burkitt lymphoma, pan-cancer_adult"
ULK2,Candidate,NA,NA,NA,26928227,malignant pleural mesothelioma
PCDHGA8,Candidate,NA,NA,NA,28362259,pan-cancer_adult
GPRIN2,Candidate,NA,NA,NA,26451490,breast_cancer
SEMA3E,Candidate,NA,NA,NA,"24120142, 27311963, 22037554","glioblastoma, pan-cancer_adult, gastric_adenocarcinoma"
TMEM63A,Candidate,NA,NA,NA,27311963,pan-cancer_adult
DCAF1,Candidate,NA,NA,NA,22158541,chronic_lymphocytic_leukemia
DOCK4,Candidate,NA,NA,NA,"22158541, 28452984","chronic_lymphocytic_leukemia, chronic_myeloid_leukemia"
HDAC9,Candidate,NA,NA,NA,"24700472, 29354286","adrenocortical_adenoma, pan-cancer_adult"
CCP110,Candidate,NA,NA,NA,28467829,melanoma
LAPTM4A,Candidate,NA,NA,NA,28362259,pan-cancer_adult
IFT140,Candidate,NA,NA,NA,25501392,pan-cancer_adult
ARHGAP32,Candidate,NA,NA,NA,25730765,acute_lymphocytic_leukemia
ZNF536,Candidate,NA,NA,NA,22941188,small_cell_lung_cancer
TCAF1,Candidate,NA,NA,NA,27311963,pan-cancer_adult
RIPOR2,Candidate,NA,NA,NA,29854292,breast_cancer
TBKBP1,Candidate,NA,NA,NA,27311963,pan-cancer_adult
KMT2B,Candidate,NA,NA,NA,"29625053, 23636398, 31444325, 27311963, 32139151","pan-cancer_adult, endometrial_cancer, multiple_myeloma, pan-cancer_adult, endometrioid_ovarian_cancer"
FRMPD4,Candidate,NA,NA,NA,18772396,glioblastoma
TOX,Candidate,NA,NA,NA,29489755,pan-cancer_paediatric
RAPGEF5,Candidate,NA,NA,NA,26091043,melanoma
BCLAF1,Candidate,NA,NA,NA,"14993899, 24390350, 27311963, 22941189, 25855536",NA
ATG13,Candidate,NA,NA,NA,24952746,nasopharyngeal_carcinoma
DLGAP5,Candidate,NA,NA,NA,28362259,pan-cancer_adult
PTDSS1,Candidate,NA,NA,NA,"30718927, 32024818","esophageal_adenocarcinoma, pan-cancer_adult"
MAML1,Candidate,NA,NA,NA,"25501392, 25194568","pan-cancer_adult, bladder_cancer"
RNF40,Candidate,NA,NA,NA,27311963,pan-cancer_adult
CTIF,Candidate,NA,NA,NA,22980975,lung_adenocarcinoma
URB2,Candidate,NA,NA,NA,18772396,glioblastoma
KEAP1,TSG,TSG,NA,NA,"29625053, 27158780, 22960745, 25079552, 14993899, 22980975, 27687306, 20668451, 24132290, 25790038, 24390350, 25501392, 26503331, 22510280, 27311963, 32025015, 25822088, 28622513",NA
CUL7,Candidate,NA,NA,NA,22138691,clear_cell_renal_cancer
RB1CC1,Candidate,NA,NA,NA,27311963,pan-cancer_adult
ARHGEF11,Candidate,NA,NA,NA,29622466,pan-gastric
JAKMIP2,Candidate,NA,NA,NA,"22842228, 27311963","melanoma, pan-cancer_adult"
GINS1,Candidate,NA,NA,NA,27311963,pan-cancer_adult
ELMO1,Candidate,NA,NA,NA,"23525077, 22922871","esophageal_adenocarcinoma, hepatocellular_carcinoma"
C2CD5,Candidate,NA,NA,NA,27311963,pan-cancer_adult
RUSC2,Candidate,NA,NA,NA,27311963,pan-cancer_adult
CEP170,Candidate,NA,NA,NA,19657110,acute_myeloid_leukemia
LRIG2,Candidate,NA,NA,NA,26451490,breast_cancer
MAGI2,Candidate,NA,NA,NA,"25501392, 27313181","pan-cancer_adult, mucinous_gastric_cancer"
SETDB1,OCG,oncogene,NA,NA,"26928227, 27064257, 27064257, 14993899, 24390350",NA
URB1,Candidate,NA,NA,NA,"28362259, 27311963","pan-cancer_adult, pan-cancer_adult"
ZC3H11A,Candidate,NA,NA,NA,27311963,pan-cancer_adult
SMG7,Candidate,NA,NA,NA,"25501392, 27311963","pan-cancer_adult, pan-cancer_adult"
NUAK1,Candidate,NA,NA,NA,23525077,esophageal_adenocarcinoma
G3BP2,Candidate,NA,NA,NA,27311963,pan-cancer_adult
DENND4B,Candidate,NA,NA,NA,27236916,papillary_thyroid_cancer
SUPT7L,Candidate,NA,NA,NA,28362259,pan-cancer_adult
ATP2C2,Candidate,NA,NA,NA,22343534,diffuse_large_B-cell_lymphoma
ARNT2,Candidate,NA,NA,NA,18772396,glioblastoma
NCAPD2,Candidate,NA,NA,NA,25501392,pan-cancer_adult
SEC16A,Candidate,NA,NA,NA,28362259,pan-cancer_adult
KBTBD11,Candidate,NA,NA,NA,18772397,pancreatic_ductal_adenocarcinoma
ZBTB5,Candidate,NA,NA,NA,"30606723, 27325650","dlblc, follicular_lymphoma, penile_squamous_cancer"
MAFB,OCG,"oncogene, fusion",NA,NA,14993899,NA
DCLRE1A,Candidate,NA,NA,NA,27311963,pan-cancer_adult
RBM8A,Candidate,NA,NA,NA,29617667,pan-cancer_adult
DLEC1,Candidate,NA,NA,NA,18772397,pancreatic_ductal_adenocarcinoma
MAGEC1,Candidate,NA,NA,NA,"29354286, 22842228, 21798893","pan-cancer_adult, melanoma, squamous_head_and_neck_cancer"
FGF19,Candidate,NA,NA,NA,"26258846, 25362482","biliary_tract_cancer, hepatocellular_carcinoma"
THRAP3,Candidate,NA,NA,NA,"29625053, 27311963, 29617667","pan-cancer_adult, pan-cancer_adult, pan-cancer_adult"
MED12,Candidate,TSG,Oncogene,NA,"24747642, 29625053, 22610119, 28256603, 14993899, 29489754, 23415222, 26466571, 24390350, 25038752, 29489755, 23738515, 27311963, 26000489, 31253977, 26437033, 26544944, 23539594",NA
MED13,Candidate,NA,NA,NA,25790038,papillary_renal_cell_carcinoma
NR1H4,Candidate,NA,NA,NA,26790612,squamous_head_and_neck_cancer
NR1D2,Candidate,NA,NA,NA,27311963,pan-cancer_adult
FGFBP1,Candidate,NA,NA,NA,24390350,pan-cancer_adult
HNRNPDL,Candidate,NA,NA,NA,29617667,pan-cancer_adult
SLC12A6,Candidate,NA,NA,NA,26121086,neuroblastoma
AKT3,OCG,oncogene,NA,Oncogene,"14993899, 26258846, 32494066, 26939876",NA
ABI1,TSG,"TSG, fusion",NA,NA,14993899,NA
PDCD6,Candidate,NA,NA,NA,22156295,pancreatic_ductal_adenocarcinoma
BCL2L10,Candidate,NA,NA,NA,21804550,diffuse_large_B-cell_lymphoma
BCL2L11,Candidate,NA,NA,NA,29625053,pan-cancer_adult
SH2B3,TSG,TSG,NA,NA,"14993899, 29489754, 29945994, 29489755, 26908133, 26457647, 22237106",NA
MED16,Candidate,NA,NA,NA,"27064257, 28362259, 31954095","hepatocellular_carcinoma, cholangiocarcinoma, pan-cancer_adult, pan-cancer_adult"
PARP2,Candidate,NA,NA,NA,31954095,pan-cancer_adult
MAMLD1,Candidate,NA,NA,NA,29854292,breast_cancer
RANBP9,Candidate,NA,NA,NA,27149842,colorectal_adenocarcinoma
SMC4,Candidate,NA,NA,NA,25501392,pan-cancer_adult
UBA2,Candidate,NA,NA,NA,29489755,pan-cancer_paediatric
ABCC5,Candidate,NA,NA,NA,22156295,pancreatic_ductal_adenocarcinoma
ABCC9,Candidate,NA,NA,NA,"24120142, 23104009, 26908133, 22484628","glioblastoma, serous_endometrial_cancer, chronic_myelomonocytic_leukemia, gastric_adenocarcinoma"
ABCF2,Candidate,NA,NA,NA,27149842,colorectal_adenocarcinoma
MUC12,Candidate,NA,NA,NA,"28362259, 29590631","pan-cancer_adult, meningioma"
HUWE1,Candidate,NA,NA,NA,"29625053, 26908133","pan-cancer_adult, chronic_myelomonocytic_leukemia"
PTPRU,Candidate,NA,NA,NA,"27158780, 27311963","lung_cancer_(all_histologies), pan-cancer_adult"
GPC6,Candidate,NA,NA,NA,22810696,colorectal_adenocarcinoma
ARPC1B,Candidate,NA,NA,NA,27149842,colorectal_adenocarcinoma
"NAMPT",Candidate,NA,NA,NA,27311963,pan-cancer_adult
RBM12,Candidate,NA,NA,NA,27149842,colorectal_adenocarcinoma
TOB1,Candidate,NA,NA,NA,"32025015, 32024818","pan-cancer_adult, pan-cancer_adult"
AKAP9,Candidate,NA,NA,NA,"20668451, 25790038","prostate_cancer, papillary_renal_cell_carcinoma"
G3BP1,Candidate,NA,NA,NA,21499247,melanoma
MBNL2,Candidate,NA,NA,NA,29617667,pan-cancer_adult
TRIM28,Candidate,NA,NA,NA,27311963,pan-cancer_adult
RCL1,Candidate,NA,NA,NA,27311963,pan-cancer_adult
RBM7,Candidate,NA,NA,NA,29617667,pan-cancer_adult
ALYREF,Candidate,NA,NA,NA,27311963,pan-cancer_adult
PATJ,Candidate,NA,NA,NA,27325650,penile_squamous_cancer
OLIG2,OCG,"oncogene, fusion",NA,NA,14993899,NA
PRG4,Candidate,NA,NA,NA,22622578,melanoma
MFSD10,Candidate,NA,NA,NA,27311963,pan-cancer_adult
RCAN2,Candidate,NA,NA,NA,26091043,melanoma
LRRC17,Candidate,NA,NA,NA,27009842,neuroblastoma
RASGRP2,Candidate,NA,NA,NA,25501392,pan-cancer_adult
MRPS31,Candidate,NA,NA,NA,"26091043, 27311963","melanoma, pan-cancer_adult"
RABEPK,Candidate,NA,NA,NA,27311963,pan-cancer_adult
GLYAT,Candidate,NA,NA,NA,28362259,pan-cancer_adult
SPRY3,Candidate,NA,NA,NA,"22158541, 22158541","chronic_lymphocytic_leukemia, chronic_lymphocytic_leukemia"
STAM2,Candidate,NA,NA,NA,27311963,pan-cancer_adult
CNKSR1,Candidate,NA,NA,NA,24390350,pan-cancer_adult
AKAP8,Candidate,NA,NA,NA,21804550,diffuse_large_B-cell_lymphoma
FSTL3,OCG,"oncogene, fusion",NA,NA,14993899,NA
STUB1,Candidate,NA,NA,NA,27064257,"hepatocellular_carcinoma, cholangiocarcinoma"
STAG1,TSG,TSG,NA,NA,"14993899, 25501392",NA
LILRB2,Candidate,NA,NA,NA,28362259,pan-cancer_adult
SPEG,Candidate,NA,NA,NA,27311963,pan-cancer_adult
TRAIP,Candidate,NA,NA,NA,28362259,pan-cancer_adult
KATNB1,Candidate,NA,NA,NA,28362259,pan-cancer_adult
IKZF1,TSG,"TSG, fusion",NA,NA,"30606723, 14993899, 23334668, 26886259, 29489755, 22237106",NA
SIRPB1,Candidate,NA,NA,NA,26091043,melanoma
TLR6,Candidate,NA,NA,NA,26824661,pan-glioma
IRAG1,Candidate,NA,NA,NA,22895193,colorectal_adenocarcinoma
CCL26,Candidate,NA,NA,NA,28362259,pan-cancer_adult
ABCA7,Candidate,NA,NA,NA,18772397,pancreatic_ductal_adenocarcinoma
ABCA10,Candidate,NA,NA,NA,25079317,gastric_adenocarcinoma
KLF2,Candidate,NA,NA,NA,21804550,diffuse_large_B-cell_lymphoma
CITED2,Candidate,NA,NA,NA,28658208,breast_cancer
SEMA3A,Candidate,NA,NA,NA,29354286,pan-cancer_adult
DLC1,Candidate,NA,NA,NA,18772397,pancreatic_ductal_adenocarcinoma
NDRG1,TSG,"TSG, fusion",NA,NA,14993899,NA
ST3GAL6,Candidate,NA,NA,NA,26824661,pan-glioma
NDC80,Candidate,NA,NA,NA,22561520,cholangiocarcinoma
CPQ,Candidate,NA,NA,NA,25401301,non-clear_cell_renal_cancer
IFITM3,Candidate,NA,NA,NA,28362259,pan-cancer_adult
RAPGEF3,Candidate,NA,NA,NA,27311963,pan-cancer_adult
PRMT5,Candidate,NA,NA,NA,28362259,pan-cancer_adult
CD2BP2,Candidate,NA,NA,NA,"27311963, 29617667","pan-cancer_adult, pan-cancer_adult"
UBAC1,Candidate,NA,NA,NA,27311963,pan-cancer_adult
TMEM147,Candidate,NA,NA,NA,24120142,glioblastoma
LYPLA1,Candidate,NA,NA,NA,27311963,pan-cancer_adult
EMG1,Candidate,NA,NA,NA,26091043,melanoma
OLFM1,Candidate,NA,NA,NA,27311963,pan-cancer_adult
TIMM17A,Candidate,NA,NA,NA,24390350,pan-cancer_adult
MCRS1,Candidate,NA,NA,NA,27311963,pan-cancer_adult
HAX1,Candidate,NA,NA,NA,27311963,pan-cancer_adult
ATP5PD,Candidate,NA,NA,NA,28362259,pan-cancer_adult
SLC25A17,Candidate,NA,NA,NA,27311963,pan-cancer_adult
NXF1,Candidate,NA,NA,NA,"26466571, 22158541","chronic_lymphocytic_leukemia, chronic_lymphocytic_leukemia"
CAP2,Candidate,NA,NA,NA,24390350,pan-cancer_adult
SYNCRIP,Candidate,NA,NA,NA,"27149842, 29617667","colorectal_adenocarcinoma, pan-cancer_adult"
NCOA2,OCG,"oncogene, fusion",NA,NA,"14993899, 26939876",NA
SEMA6B,Candidate,NA,NA,NA,27311963,pan-cancer_adult
SEMA3C,Candidate,NA,NA,NA,24120142,glioblastoma
DDX17,Candidate,NA,NA,NA,29617667,pan-cancer_adult
IPO7,Candidate,NA,NA,NA,24390350,pan-cancer_adult
NEBL,Candidate,NA,NA,NA,"26790612, 27058444","squamous_head_and_neck_cancer, esophageal_squamous_carcinoma"
ATG7,Candidate,NA,NA,NA,24952746,nasopharyngeal_carcinoma
TM9SF1,Candidate,NA,NA,NA,27325650,penile_squamous_cancer
SLC34A2,TSG,"TSG, fusion",NA,NA,14993899,NA
IFITM2,Candidate,NA,NA,NA,27311963,pan-cancer_adult
SMC2,Candidate,NA,NA,NA,25501392,pan-cancer_adult
ERN2,Candidate,NA,NA,NA,27311963,pan-cancer_adult
AHSA1,Candidate,NA,NA,NA,28362259,pan-cancer_adult
SLCO1B1,Candidate,NA,NA,NA,"22158541, 21499247","chronic_lymphocytic_leukemia, melanoma"
USP16,Candidate,NA,NA,NA,20668451,ovarian_cancer
PAIP1,Candidate,NA,NA,NA,24476821,bladder_cancer
PDLIM5,Candidate,NA,NA,NA,27311963,pan-cancer_adult
ARID3B,Candidate,NA,NA,NA,25730765,acute_lymphocytic_leukemia
MYL12A,Candidate,NA,NA,NA,26941397,papillary_thyroid_cancer
TXNIP,Candidate,NA,NA,NA,"29625053, 23792563, 24476821","pan-cancer_adult, clear_cell_renal_cancer, bladder_cancer"
IGF2BP3,Candidate,NA,NA,NA,29617667,pan-cancer_adult
IGF2BP2,TSG,TSG,NA,NA,14993899,NA
CAMKK2,Candidate,NA,NA,NA,27236916,papillary_thyroid_cancer
CELF1,Candidate,NA,NA,NA,27311963,pan-cancer_adult
CTCF,TSG,TSG,NA,NA,"29625053, 29622464, 23000897, 23636398, 26451490, 22976956, 14993899, 27149842, 27348297, 29945994, 24132290, 24390350, 29489755, 27311963, 27135926, 31558468, 27161491, 32025015, 26099045",NA
GNA13,Candidate,NA,NA,NA,"29625053, 28064239, 24390350, 22343534, 30926794, 23143597, 26608593, 21796119, 27311963, 31558468, 31558468, 28988769","pan-cancer_adult, follicular_lymphoma, pan-cancer_adult, diffuse_large_B-cell_lymphoma, burkitt lymphoma, burkitt lymphoma, diffuse_large_B-cell_lymphoma, non-Hodgkin_lymphoma, pan-cancer_adult, burkitt lymphoma, burkitt lymphoma, bladder_cancer"
CCT6B,Candidate,NA,NA,NA,23143597,burkitt lymphoma
TBR1,Candidate,NA,NA,NA,29489754,pan-cancer_paediatric
NRG3,Candidate,NA,NA,NA,"20668451, 27311963","lung_cancer_(all_histologies), pan-cancer_adult"
POLQ,Candidate,"oncogene, TSG",NA,NA,"29625053, 30718927, 14993899, 24132290",NA
NFAT5,Candidate,NA,NA,NA,26258847,cutaneous_T_cell_lymphoma
STAG3,Candidate,NA,NA,NA,28362259,pan-cancer_adult
STAG2,TSG,TSG,TSG,TSG,"29625053, 24121791, 25010205, 24120142, 23634996, 24476821, 26824661, 26947078, 25186949, 14993899, 24121792, 26886259, 24132290, 24390350, 25501392, 29489755, 27063598, 27311963, 27135926, 24413735, 28988769, 32494066, 24121789, 26536169, 25223734, 23539594, 22817890, 26625313, 30755618",NA
SIX2,OCG,oncogene,NA,NA,"14993899, 29489755",NA
CHL1,Candidate,NA,NA,NA,30718927,esophageal_adenocarcinoma
NUP50,Candidate,NA,NA,NA,28467829,melanoma
NES,Candidate,NA,NA,NA,29854292,breast_cancer
IQGAP2,Candidate,NA,NA,NA,27325650,penile_squamous_cancer
MTHFD2,Candidate,NA,NA,NA,29854292,breast_cancer
SEPTIN9,Candidate,NA,NA,NA,20668451,breast_cancer
SDCCAG8,Candidate,NA,NA,NA,"30718927, 32025015, 32024818","esophageal_adenocarcinoma, pan-cancer_adult, pan-cancer_adult"
STARD10,Candidate,NA,NA,NA,27311963,pan-cancer_adult
WASF3,Candidate,NA,NA,NA,24390350,pan-cancer_adult
NOXA1,Candidate,NA,NA,NA,26437031,T-cell_leukemia/lymphoma
FTCD,Candidate,NA,NA,NA,23143597,burkitt lymphoma
SRCAP,Candidate,NA,NA,NA,25362482,hepatocellular_carcinoma
POLR1G,Candidate,NA,NA,NA,"24120142, 26451490","glioblastoma, breast_cancer"
LILRB1,Candidate,NA,NA,NA,21798893,squamous_head_and_neck_cancer
ACTL7B,Candidate,NA,NA,NA,23525077,esophageal_adenocarcinoma
MALT1,OCG,"oncogene, fusion",NA,NA,"14993899, 26258847",NA
MMP24,Candidate,NA,NA,NA,30718927,esophageal_adenocarcinoma
BRD8,Candidate,NA,NA,NA,22634756,hepatocellular_carcinoma
BLCAP,Candidate,NA,NA,NA,28467829,melanoma
MAN1A2,Candidate,NA,NA,NA,27311963,pan-cancer_adult
EDAR,Candidate,NA,NA,NA,26824661,pan-glioma
TCERG1,Candidate,NA,NA,NA,"22810696, 29617667","colorectal_adenocarcinoma, pan-cancer_adult"
BTNL3,Candidate,NA,NA,NA,23792563,clear_cell_renal_cancer
APOBEC2,Candidate,NA,NA,NA,22343534,diffuse_large_B-cell_lymphoma
UGT2A1,Candidate,NA,NA,NA,27311963,pan-cancer_adult
KDELR1,Candidate,NA,NA,NA,28362259,pan-cancer_adult
OS9,Candidate,NA,NA,NA,32024818,pan-cancer_adult
PNRC1,Candidate,NA,NA,NA,"21430775, 30606723","multiple_myeloma, dlblc, follicular_lymphoma"
IFI44L,Candidate,NA,NA,NA,32025015,pan-cancer_adult
ASCC3,Candidate,NA,NA,NA,27311963,pan-cancer_adult
CCNI,Candidate,NA,NA,NA,26451490,breast_cancer
SLC38A3,Candidate,NA,NA,NA,18948947,lung_adenocarcinoma
SF3B2,Candidate,NA,NA,NA,"26909576, 29625053, 23103869, 23000897, 26451490, 28297679, 29489754, 28467829, 28296713, 26683228, 18772397, 28667006, 24132290, 25576899, 23415222, 26466571, 24390350, 29489755, 26908133, 27311963, 31320640, 27135926, 21995386, 27161491, 22158541, 32025015, 28988769, 28810145, 22722829, 29617667, 29617667, 31253977, 22722201, 28622513, 22150006, 26099045","pancreatic_cancer_(all_histologies), pan-cancer_adult, pancreatic_ductal_adenocarcinoma, breast_cancer, breast_cancer, cholangiocarcinoma, pan-cancer_paediatric, melanoma, mucosal_melanoma, melanoma, pancreatic_ductal_adenocarcinoma, cholangiocarcinoma, pan-cancer_adult, anaplastic_thyroid_carcinoma, chronic_lymphocytic_leukemia, chronic_lymphocytic_leukemia, pan-cancer_adult, pan-cancer_paediatric, chronic_myelomonocytic_leukemia, pan-cancer_adult, mucosal_melanoma, breast_cancer, myelodysplasia, breast_cancer, chronic_lymphocytic_leukemia, pan-cancer_adult, bladder_cancer, melanoma, medulloblastoma, pan-cancer_adult, pan-cancer_adult, uveal_melanoma, breast_cancer, hepatocellular_carcinoma, chronic_lymphocytic_leukemia, breast_cancer"
WWP1,Candidate,NA,NA,NA,22634756,hepatocellular_carcinoma
CNTRL,Candidate,NA,NA,NA,30606723,"dlblc, follicular_lymphoma"
SNRNP35,Candidate,NA,NA,NA,29617667,pan-cancer_adult
TRIOBP,Candidate,NA,NA,NA,27236916,papillary_thyroid_cancer
ADAM29,Candidate,NA,NA,NA,24120142,glioblastoma
ADAMTS5,Candidate,NA,NA,NA,27311963,pan-cancer_adult
BTN3A2,Candidate,NA,NA,NA,26998897,duodenal_adenocarcinoma
PTPRT,TSG,TSG,NA,NA,"24633157, 14993899, 18987736, 27311963",NA
ZWINT,Candidate,NA,NA,NA,28467829,melanoma
CDC37,Candidate,NA,NA,NA,27311963,pan-cancer_adult
KAT7,OCG,oncogene,NA,NA,14993899,NA
HHLA2,Candidate,NA,NA,NA,27311963,pan-cancer_adult
WDR45,Candidate,NA,NA,NA,27348297,endometrial_cancer
SOX21,TSG,TSG,NA,NA,14993899,NA
PSIP1,OCG,"oncogene, fusion",NA,NA,"29625053, 14993899, 28988769, 29617667",NA
ADAMTS6,Candidate,NA,NA,NA,26451490,breast_cancer
BAZ2A,Candidate,NA,NA,NA,26466571,chronic_lymphocytic_leukemia
BAZ1A,TSG,TSG,NA,NA,"14993899, 29489755",NA
WBP4,Candidate,NA,NA,NA,29617667,pan-cancer_adult
WIF1,TSG,"TSG, fusion",NA,NA,"14993899, 26503331",NA
CHEK2,TSG,TSG,NA,NA,"29625053, 24633157, 25417114, 24705250, 14993899, 24132290, 26466571, 27161491, 26099045",NA
AKAP13,Candidate,NA,NA,NA,"22138691, 22156295","clear_cell_renal_cancer, pancreatic_ductal_adenocarcinoma"
AKAP11,Candidate,NA,NA,NA,22156295,pancreatic_ductal_adenocarcinoma
DDX20,Candidate,NA,NA,NA,29617667,pan-cancer_adult
RASSF8,Candidate,NA,NA,NA,22941189,small_cell_lung_cancer
PTGDR2,Candidate,NA,NA,NA,27311963,pan-cancer_adult
FILIP1L,Candidate,NA,NA,NA,27311963,pan-cancer_adult
SP140,Candidate,NA,NA,NA,31444325,multiple_myeloma
PXMP4,Candidate,NA,NA,NA,28297679,cholangiocarcinoma
SYNRG,Candidate,NA,NA,NA,28128360,pan-cancer_adult
SCN11A,Candidate,NA,NA,NA,22610119,prostate_cancer
POU6F2,Candidate,NA,NA,NA,27311963,pan-cancer_adult
VPS45,Candidate,NA,NA,NA,27064257,"hepatocellular_carcinoma, cholangiocarcinoma"
FKBP9,Candidate,NA,NA,NA,14993899,NA
PDAP1,Candidate,NA,NA,NA,24390350,pan-cancer_adult
U2AF2,Candidate,NA,NA,NA,"22158541, 29617667","chronic_lymphocytic_leukemia, pan-cancer_adult"
CASC3,Candidate,NA,NA,NA,29622466,pan-gastric
RRAS2,Candidate,NA,NA,NA,"29625053, 27348297, 27311963, 26457647","pan-cancer_adult, endometrial_cancer, pan-cancer_adult, juvenile_myelomonocytic_leukemia"
IKZF3,Candidate,NA,NA,NA,"30606723, 23334668, 26466571, 29489755, 28479318, 24362818, 31558468, 31558468","dlblc, follicular_lymphoma, acute_lymphocytic_leukemia, chronic_lymphocytic_leukemia, pan-cancer_paediatric, cutaneous_DLBCL, follicular_lymphoma, burkitt lymphoma, burkitt lymphoma"
IKZF2,Candidate,NA,NA,NA,23334668,acute_lymphocytic_leukemia
MRAS,Candidate,NA,NA,NA,27891760,gastric_adenocarcinoma
PHLDA1,Candidate,NA,NA,NA,28256603,nasopharyngeal_carcinoma
CPEB3,TSG,TSG,NA,NA,14993899,NA
ANKRD26,Candidate,NA,NA,NA,19657110,acute_myeloid_leukemia
CILK1,Candidate,NA,NA,NA,31954095,pan-cancer_adult
ADGRL1,Candidate,NA,NA,NA,22156295,pancreatic_ductal_adenocarcinoma
NLRP1,Candidate,NA,NA,NA,21822264,hepatocellular_carcinoma
ATG14,Candidate,NA,NA,NA,27311963,pan-cancer_adult
SLITRK3,Candidate,NA,NA,NA,21798893,squamous_head_and_neck_cancer
ZHX2,Candidate,NA,NA,NA,23202128,neuroblastoma
DIS3,Candidate,NA,NA,NA,"21430775, 29895955, 22237025, 24390350, 31444325, 26939876, 22817890","multiple_myeloma, multiple_myeloma, acute_myeloid_leukemia, pan-cancer_adult, multiple_myeloma, triple_negative_breast_cancer, acute_myeloid_leukemia"
TRAK1,Candidate,NA,NA,NA,24121792,bladder_cancer
DHX30,Candidate,NA,NA,NA,"26192917, 27311963","natural_killer/T_cell_lymphoma, pan-cancer_adult"
RALY,Candidate,NA,NA,NA,"28467829, 27311963","melanoma, pan-cancer_adult"
MAPRE3,Candidate,NA,NA,NA,29354286,pan-cancer_adult
PLA2R1,Candidate,NA,NA,NA,28256603,nasopharyngeal_carcinoma
RPIA,Candidate,NA,NA,NA,"30606723, 27311963","dlblc, follicular_lymphoma, pan-cancer_adult"
SHANK2,Candidate,NA,NA,NA,"29489755, 27311963","pan-cancer_paediatric, pan-cancer_adult"
KIN,Candidate,NA,NA,NA,29617667,pan-cancer_adult
TPX2,Candidate,NA,NA,NA,"24390350, 27311963","pan-cancer_adult, pan-cancer_adult"
NT5C2,OCG,oncogene,NA,NA,14993899,NA
DIP2C,Candidate,NA,NA,NA,"27311963, 22941189","pan-cancer_adult, small_cell_lung_cancer"
MAST1,Candidate,NA,NA,NA,27311963,pan-cancer_adult
PDCD11,Candidate,NA,NA,NA,28362259,pan-cancer_adult
KDM2A,Candidate,NA,NA,NA,24896186,intracranial_germ_cell
CEP152,Candidate,NA,NA,NA,28352668,parathyroid_carcinoma
LIMCH1,Candidate,NA,NA,NA,23636398,endometrial_cancer
RIMS1,Candidate,NA,NA,NA,25151357,esophageal_squamous_carcinoma
WDFY3,Candidate,NA,NA,NA,25351205,clear_cell_renal_cancer
DAAM1,Candidate,NA,NA,NA,30606723,"dlblc, follicular_lymphoma"
SPEN,TSG,TSG,NA,NA,"14993899, 24390350, 27311963, 27135926, 29617667",NA
CNOT1,Candidate,NA,NA,NA,25790038,papillary_renal_cell_carcinoma
SNRNP200,Candidate,NA,NA,NA,29617667,pan-cancer_adult
PDZRN3,Candidate,NA,NA,NA,"29354286, 18772397, 31558468","pan-cancer_adult, pancreatic_ductal_adenocarcinoma, burkitt lymphoma"
KDM1A,Candidate,NA,NA,NA,28452984,chronic_myeloid_leukemia
MAST3,Candidate,NA,NA,NA,25501392,pan-cancer_adult
ZNF292,Candidate,NA,NA,NA,"26824661, 31444325","pan-glioma, multiple_myeloma"
PDZD2,Candidate,NA,NA,NA,24121792,bladder_cancer
WDTC1,Candidate,NA,NA,NA,27064257,"hepatocellular_carcinoma, cholangiocarcinoma"
MYT1L,Candidate,NA,NA,NA,"29354286, 28362259","pan-cancer_adult, pan-cancer_adult"
PDXDC1,Candidate,NA,NA,NA,25401301,non-clear_cell_renal_cancer
KIF21B,Candidate,NA,NA,NA,22877736,esophageal_(squamous_and_adenocarcinoma)
PDS5B,Candidate,NA,NA,NA,"29625053, 25501392","pan-cancer_adult, pan-cancer_adult"
SMG1,Candidate,NA,NA,NA,25501392,pan-cancer_adult
CLUAP1,Candidate,NA,NA,NA,28362259,pan-cancer_adult
WAPL,Candidate,NA,NA,NA,25501392,pan-cancer_adult
SETD1B,TSG,TSG,NA,NA,"14993899, 30132154, 28352668",NA
CMTR1,Candidate,NA,NA,NA,27311963,pan-cancer_adult
HECW1,Candidate,NA,NA,NA,23525077,esophageal_adenocarcinoma
SWAP70,Candidate,NA,NA,NA,25501392,pan-cancer_adult
MYCBP2,Candidate,NA,NA,NA,"22877736, 26909576, 26886259","esophageal_(squamous_and_adenocarcinoma), pancreatic_cancer_(all_histologies), acute_promyelocytic_leukemia"
AVL9,Candidate,NA,NA,NA,27311963,pan-cancer_adult
EXPH5,Candidate,NA,NA,NA,22156295,pancreatic_ductal_adenocarcinoma
ZC3H13,Candidate,NA,NA,NA,"29622464, 27311963, 29617667","pan-gynecological and breast, pan-cancer_adult, pan-cancer_adult"
ARHGAP26,TSG,"TSG, fusion",NA,NA,"14993899, 27311963",NA
TTLL5,Candidate,NA,NA,NA,25501392,pan-cancer_adult
KIF1B,Candidate,NA,NA,NA,22343534,diffuse_large_B-cell_lymphoma
SPART,Candidate,NA,NA,NA,23525077,esophageal_adenocarcinoma
TNRC6B,Candidate,NA,NA,NA,27311963,pan-cancer_adult
CUL9,Candidate,NA,NA,NA,25501392,pan-cancer_adult
ATP10B,Candidate,NA,NA,NA,26192917,natural_killer/T_cell_lymphoma
CLASP2,Candidate,NA,NA,NA,"24700472, 25501392","adrenocortical_adenoma, pan-cancer_adult"
PLXND1,Candidate,NA,NA,NA,"30606723, 27311963, 26121086","dlblc, follicular_lymphoma, pan-cancer_adult, neuroblastoma"
ATG2A,Candidate,NA,NA,NA,24952746,nasopharyngeal_carcinoma
GPATCH8,Candidate,NA,NA,NA,"30718927, 29617667","esophageal_adenocarcinoma, pan-cancer_adult"
EPB41L3,Candidate,NA,NA,NA,"26503331, 27311963, 22037554","lung_squamous_cell_carcinoma, pan-cancer_adult, gastric_adenocarcinoma"
ZZEF1,Candidate,NA,NA,NA,22484628,gastric_adenocarcinoma
ANKLE2,Candidate,NA,NA,NA,21804550,diffuse_large_B-cell_lymphoma
CIC,TSG,"oncogene, TSG, fusion",TSG,NA,"29625053, 21817013, 26061751, 26824661, 14993899, 29945994, 27311963, 27135926, 23539594, 23583981",NA
GGA3,Candidate,NA,NA,NA,27311963,pan-cancer_adult
STAB1,Candidate,NA,NA,NA,29854292,breast_cancer
PASK,Candidate,NA,NA,NA,27158780,lung_cancer_(all_histologies)
RGL1,Candidate,NA,NA,NA,25501392,pan-cancer_adult
RFTN1,Candidate,NA,NA,NA,"30606723, 31444325, 22158541","dlblc, follicular_lymphoma, multiple_myeloma, chronic_lymphocytic_leukemia"
LARP4B,TSG,TSG,NA,NA,"14993899, 27311963",NA
CYFIP1,Candidate,NA,NA,NA,18772397,pancreatic_ductal_adenocarcinoma
ATG4B,Candidate,NA,NA,NA,27311963,pan-cancer_adult
PMPCA,Candidate,NA,NA,NA,27311963,pan-cancer_adult
ZC3H4,Candidate,NA,NA,NA,29617667,pan-cancer_adult
RRS1,Candidate,NA,NA,NA,29622466,pan-gastric
SULF1,Candidate,NA,NA,NA,27311963,pan-cancer_adult
ZFR2,Candidate,NA,NA,NA,24476821,bladder_cancer
FBXO28,Candidate,NA,NA,NA,29489755,pan-cancer_paediatric
DTX4,Candidate,NA,NA,NA,25501392,pan-cancer_adult
SYNE2,Candidate,NA,NA,NA,"22138691, 24121792, 26121086","clear_cell_renal_cancer, bladder_cancer, neuroblastoma"
TBC1D12,Candidate,NA,NA,NA,"28362259, 24390350, 27311963, 27135926, 28658208, 32024818, 30755618, 31954095","pan-cancer_adult, pan-cancer_adult, pan-cancer_adult, breast_cancer, breast_cancer, pan-cancer_adult, bladder_cancer, pan-cancer_adult"
PHLPP1,Candidate,NA,NA,NA,27311963,pan-cancer_adult
PACS2,Candidate,NA,NA,NA,27311963,pan-cancer_adult
PDS5A,Candidate,NA,NA,NA,25501392,pan-cancer_adult
ASTN2,Candidate,NA,NA,NA,"29354286, 28551381","pan-cancer_adult, colorectal_adenocarcinoma"
MINAR1,Candidate,NA,NA,NA,18772397,pancreatic_ductal_adenocarcinoma
ANKRD12,Candidate,NA,NA,NA,25501392,pan-cancer_adult
CAMTA1,TSG,"TSG, fusion",NA,NA,"14993899, 27311963, 21804550",NA
EXOC7,Candidate,NA,NA,NA,27311963,pan-cancer_adult
ADGRL2,Candidate,NA,NA,NA,22158541,chronic_lymphocytic_leukemia
DNMBP,Candidate,NA,NA,NA,27311963,pan-cancer_adult
MGA,Candidate,NA,NA,NA,"29625053, 27158780, 25079552, 26192917, 26466571, 24390350, 29489755, 27311963, 24413735","pan-cancer_adult, lung_cancer_(all_histologies), lung_adenocarcinoma, natural_killer/T_cell_lymphoma, chronic_lymphocytic_leukemia, pan-cancer_adult, pan-cancer_paediatric, pan-cancer_adult, acute_lymphoblastic_leukemia"
TSPYL4,Candidate,NA,NA,NA,27311963,pan-cancer_adult
MTUS2,Candidate,NA,NA,NA,"18772397, 18772396, 28551381","pancreatic_ductal_adenocarcinoma, glioblastoma, colorectal_adenocarcinoma"
ADGRL3,Candidate,NA,NA,NA,"29354286, 20668451, 22158541","pan-cancer_adult, lung_cancer_(all_histologies), chronic_lymphocytic_leukemia"
SMG6,Candidate,NA,NA,NA,"27325650, 27311963","penile_squamous_cancer, pan-cancer_adult"
ACSL6,Candidate,NA,NA,NA,27311963,pan-cancer_adult
SIN3B,Candidate,NA,NA,NA,26909576,pancreatic_cancer_(all_histologies)
NCAPD3,Candidate,NA,NA,NA,"27149842, 25501392","colorectal_adenocarcinoma, pan-cancer_adult"
DMXL2,Candidate,NA,NA,NA,29230811,mucosal_melanoma
SATB2,Candidate,NA,NA,NA,22941189,small_cell_lung_cancer
RPGRIP1L,Candidate,NA,NA,NA,30718927,esophageal_adenocarcinoma
CLASP1,Candidate,NA,NA,NA,25501392,pan-cancer_adult
WDR7,Candidate,NA,NA,NA,"31558468, 31558468","burkitt lymphoma, burkitt lymphoma"
SYNE1,Candidate,NA,NA,NA,"23525077, 24121792, 24952746, 21798893, 26437033, 28551381","esophageal_adenocarcinoma, bladder_cancer, nasopharyngeal_carcinoma, squamous_head_and_neck_cancer, breast_fibroepithelial_tumours, colorectal_adenocarcinoma"
U2SURP,Candidate,NA,NA,NA,29617667,pan-cancer_adult
ARHGEF12,TSG,"TSG, fusion",NA,NA,"27158780, 14993899",NA
LARP1,Candidate,NA,NA,NA,27311963,pan-cancer_adult
ARHGEF18,Candidate,NA,NA,NA,"28362259, 27311963","pan-cancer_adult, pan-cancer_adult"
CRTC1,OCG,"oncogene, fusion",NA,NA,"25401301, 14993899",NA
SMG5,Candidate,NA,NA,NA,25501392,pan-cancer_adult
AHCYL2,Candidate,NA,NA,NA,27311963,pan-cancer_adult
NCSTN,Candidate,NA,NA,NA,25194568,bladder_cancer
SIK3,Candidate,NA,NA,NA,27311963,pan-cancer_adult
ADNP,Candidate,NA,NA,NA,"27348297, 24390350, 25501392, 30926794","endometrial_cancer, pan-cancer_adult, pan-cancer_adult, burkitt lymphoma"
CTDNEP1,Candidate,NA,NA,NA,"22832583, 27311963, 22820256, 32025015","medulloblastoma, pan-cancer_adult, medulloblastoma, pan-cancer_adult"
DICER1,TSG,TSG,NA,NA,"29625053, 14993899, 27348297, 27311963, 26939876",NA
SIRT4,Candidate,NA,NA,NA,24390350,pan-cancer_adult
ZFPM2,Candidate,NA,NA,NA,29354286,pan-cancer_adult
CRB1,Candidate,NA,NA,NA,26934577,oral_squamous_cell_carcinoma
RYBP,Candidate,NA,NA,NA,27311963,pan-cancer_adult
SF3B3,Candidate,NA,NA,NA,29617667,pan-cancer_adult
SF3B1,OCG,oncogene,Oncogene,Oncogene,"26909576, 29625053, 23103869, 23000897, 26451490, 28297679, 14993899, 29489754, 28467829, 28296713, 26683228, 18772397, 28667006, 24132290, 25576899, 23415222, 26466571, 24390350, 29489755, 26908133, 27311963, 31320640, 27135926, 21995386, 27161491, 22158541, 32025015, 28988769, 28810145, 22722829, 32494066, 29617667, 31253977, 22722201, 28622513, 23539594, 22150006, 26099045",NA
HEY1,OCG,"oncogene, fusion",NA,NA,14993899,NA
CBX6,Candidate,NA,NA,NA,27311963,pan-cancer_adult
PHF3,Candidate,NA,NA,NA,22156295,pancreatic_ductal_adenocarcinoma
QPRT,Candidate,NA,NA,NA,27311963,pan-cancer_adult
BRD4,OCG,"oncogene, fusion",NA,NA,14993899,NA
SEC61G,Candidate,NA,NA,NA,30606723,"dlblc, follicular_lymphoma"
PES1,Candidate,NA,NA,NA,27311963,pan-cancer_adult
TGDS,Candidate,NA,NA,NA,31444325,multiple_myeloma
LEPROTL1,TSG,TSG,NA,NA,"14993899, 27311963, 28658208, 32024818, 30755618",NA
MACF1,Candidate,NA,NA,NA,"26909576, 29625053, 25079317, 22156295","pancreatic_cancer_(all_histologies), pan-cancer_adult, gastric_adenocarcinoma, pancreatic_ductal_adenocarcinoma"
RIMBP2,Candidate,NA,NA,NA,"21798897, 29854292","squamous_head_and_neck_cancer, breast_cancer"
KCTD2,Candidate,NA,NA,NA,27311963,pan-cancer_adult
SUZ12,Candidate,"oncogene, TSG, fusion",NA,NA,"14993899, 25240281, 29489755, 22237106, 25305755",NA
MTREX,Candidate,NA,NA,NA,29617667,pan-cancer_adult
RPL13A,Candidate,NA,NA,NA,"28362259, 27311963","pan-cancer_adult, pan-cancer_adult"
KAT6B,TSG,"TSG, fusion",NA,NA,14993899,NA
CABIN1,Candidate,NA,NA,NA,27236916,papillary_thyroid_cancer
PIK3R5,Candidate,NA,NA,NA,"23619167, 26258847","squamous_head_and_neck_cancer, cutaneous_T_cell_lymphoma"
LPAR3,Candidate,NA,NA,NA,29354286,pan-cancer_adult
SMUG1,Candidate,NA,NA,NA,"28362259, 27311963","pan-cancer_adult, pan-cancer_adult"
DDX58,Candidate,NA,NA,NA,28362259,pan-cancer_adult
LEMD3,Candidate,NA,NA,NA,"20399149, 29489755","glioblastoma, pan-cancer_paediatric"
PATZ1,TSG,"TSG, fusion",NA,NA,"28256603, 14993899",NA
MKRN1,Candidate,NA,NA,NA,29354286,pan-cancer_adult
ZIM2,Candidate,NA,NA,NA,23103869,pancreatic_ductal_adenocarcinoma
CBLC,Candidate,"oncogene, TSG",NA,NA,"14993899, 20668451",NA
EDC4,Candidate,NA,NA,NA,27348297,endometrial_cancer
PPP1R15A,Candidate,NA,NA,NA,28256603,nasopharyngeal_carcinoma
PLXNB2,Candidate,NA,NA,NA,"26909576, 29625053","pancreatic_cancer_(all_histologies), pan-cancer_adult"
NPAP1,Candidate,NA,NA,NA,22842228,melanoma
BHMT2,Candidate,NA,NA,NA,24390350,pan-cancer_adult
OSBP2,Candidate,NA,NA,NA,27311963,pan-cancer_adult
FLRT2,Candidate,NA,NA,NA,29354286,pan-cancer_adult
APOL2,Candidate,NA,NA,NA,24390350,pan-cancer_adult
PRPF40B,Candidate,NA,NA,NA,"14993899, 29617667",NA
TBC1D22A,Candidate,NA,NA,NA,"28362259, 27311963","pan-cancer_adult, pan-cancer_adult"
CFAP45,Candidate,NA,NA,NA,26928227,malignant pleural mesothelioma
NGEF,Candidate,NA,NA,NA,18772396,glioblastoma
CIZ1,Candidate,NA,NA,NA,27311963,pan-cancer_adult
ZNF324,Candidate,NA,NA,NA,"28362259, 27311963","pan-cancer_adult, pan-cancer_adult"
SAMM50,Candidate,NA,NA,NA,27149842,colorectal_adenocarcinoma
TNFAIP8,Candidate,NA,NA,NA,30606723,"dlblc, follicular_lymphoma"
ARIH1,Candidate,NA,NA,NA,26648538,chronic_myelomonocytic_leukemia
HECTD1,Candidate,NA,NA,NA,25576899,anaplastic_thyroid_carcinoma
NIPBL,Candidate,NA,NA,NA,"29625053, 29622464, 26824661, 30718927, 29489755, 27311963","pan-cancer_adult, pan-gynecological and breast, pan-glioma, esophageal_adenocarcinoma, pan-cancer_paediatric, pan-cancer_adult"
METTL7A,Candidate,NA,NA,NA,30606723,"dlblc, follicular_lymphoma"
PRKD2,Candidate,NA,NA,NA,31444325,multiple_myeloma
MXRA5,Candidate,NA,NA,NA,24390350,pan-cancer_adult
TRIM58,Candidate,NA,NA,NA,24952744,esophageal_adenocarcinoma
INTS7,Candidate,NA,NA,NA,29617667,pan-cancer_adult
CCDC28A,Candidate,NA,NA,NA,26091043,melanoma
AHCTF1,Candidate,NA,NA,NA,28622513,hepatocellular_carcinoma
POT1,TSG,TSG,NA,NA,"14993899, 26437031, 23415222, 26466571, 22158541, 23502782",NA
RTTN,Candidate,NA,NA,NA,"30606723, 22158541","dlblc, follicular_lymphoma, chronic_lymphocytic_leukemia"
ZNF521,OCG,"oncogene, fusion",NA,NA,"14993899, 26503331, 21804550, 22941188",NA
WWTR1,OCG,"oncogene, fusion",NA,NA,14993899,NA
SAMHD1,Candidate,NA,NA,NA,"23415222, 26466571, 31444325","chronic_lymphocytic_leukemia, chronic_lymphocytic_leukemia, multiple_myeloma"
SIN3A,Candidate,NA,NA,NA,"29625053, 23636398, 30718927, 27149842, 27348297, 24132290, 27311963, 31558468, 31558468","pan-cancer_adult, endometrial_cancer, esophageal_adenocarcinoma, colorectal_adenocarcinoma, endometrial_cancer, pan-cancer_adult, pan-cancer_adult, burkitt lymphoma, burkitt lymphoma"
SYF2,Candidate,NA,NA,NA,"28362259, 27311963","pan-cancer_adult, pan-cancer_adult"
PNKD,Candidate,NA,NA,NA,25401301,non-clear_cell_renal_cancer
VIRMA,Candidate,NA,NA,NA,29617667,pan-cancer_adult
MMACHC,Candidate,NA,NA,NA,20668451,ovarian_cancer
CHMP2B,Candidate,NA,NA,NA,21499247,melanoma
DNAH1,Candidate,NA,NA,NA,27236916,papillary_thyroid_cancer
HINFP,Candidate,NA,NA,NA,18772397,pancreatic_ductal_adenocarcinoma
SNED1,Candidate,NA,NA,NA,27236916,papillary_thyroid_cancer
C2CD3,Candidate,NA,NA,NA,27325650,penile_squamous_cancer
LRIG1,Candidate,NA,NA,NA,25501392,pan-cancer_adult
ZNF451,Candidate,NA,NA,NA,27311963,pan-cancer_adult
CHD5,Candidate,NA,NA,NA,"26121086, 26625313","neuroblastoma, bladder_cancer"
SETBP1,OCG,"oncogene, fusion",Oncogene,NA,"29625053, 14993899, 24132290, 26648538, 23222956, 27313181, 26457647, 23539594",NA
UBXN7,Candidate,NA,NA,NA,27311963,pan-cancer_adult
CNTNAP2,Candidate,NA,NA,NA,"22941189, 21798893, 28551381, 22156295","small_cell_lung_cancer, squamous_head_and_neck_cancer, colorectal_adenocarcinoma, pancreatic_ductal_adenocarcinoma"
SLITRK5,Candidate,NA,NA,NA,"18772397, 26806338","pancreatic_ductal_adenocarcinoma, ampullary_adenocarcinoma"
ANKRD17,Candidate,NA,NA,NA,25501392,pan-cancer_adult
GIGYF2,Candidate,NA,NA,NA,"23636398, 27311963, 22156295","endometrial_cancer, pan-cancer_adult, pancreatic_ductal_adenocarcinoma"
TBC1D29P,Candidate,NA,NA,NA,"28362259, 31444325, 26941397","pan-cancer_adult, multiple_myeloma, papillary_thyroid_cancer"
CCDC9,Candidate,NA,NA,NA,28467829,melanoma
ZBTB20,Candidate,NA,NA,NA,"29625053, 26061751, 26824661","pan-cancer_adult, low_grade_glioma, pan-glioma"
ZNF658,Candidate,NA,NA,NA,26790612,squamous_head_and_neck_cancer
NOC2L,Candidate,NA,NA,NA,27311963,pan-cancer_adult
MTG2,Candidate,NA,NA,NA,"30718927, 28362259, 27311963, 32025015, 32024818","esophageal_adenocarcinoma, pan-cancer_adult, pan-cancer_adult, pan-cancer_adult, pan-cancer_adult"
PTPN22,Candidate,NA,NA,NA,23000897,breast_cancer
PHGDH,Candidate,NA,NA,NA,27311963,pan-cancer_adult
OR2M4,Candidate,NA,NA,NA,22158541,chronic_lymphocytic_leukemia
FBXO9,Candidate,NA,NA,NA,31954095,pan-cancer_adult
FBXO5,Candidate,NA,NA,NA,"30107175, 21804550","hurthle_cell_carcinoma, diffuse_large_B-cell_lymphoma"
SACS,Candidate,NA,NA,NA,"24390350, 27311963, 28551381","pan-cancer_adult, pan-cancer_adult, colorectal_adenocarcinoma"
SLC17A5,Candidate,NA,NA,NA,21499247,melanoma
LATS2,TSG,TSG,NA,NA,"29625053, 26950094, 14993899, 30322867",NA
DAZAP1,Candidate,NA,NA,NA,29625053,pan-cancer_adult
OR10H2,Candidate,NA,NA,NA,28362259,pan-cancer_adult
TBL2,Candidate,NA,NA,NA,28362259,pan-cancer_adult
OR1L1,Candidate,NA,NA,NA,28362259,pan-cancer_adult
OR1J2,Candidate,NA,NA,NA,27311963,pan-cancer_adult
HAVCR1,Candidate,NA,NA,NA,28249600,acute_myeloid_leukemia
RANBP6,Candidate,NA,NA,NA,23143597,burkitt lymphoma
NBEA,Candidate,NA,NA,NA,"26909576, 14993899",NA
PABPC1,Candidate,"oncogene, TSG",NA,NA,"14993899, 22343534, 31444325, 27058444, 29617667, 29590631, 25855536",NA
MLH3,Candidate,NA,NA,NA,25576899,anaplastic_thyroid_carcinoma
SND1,OCG,"oncogene, fusion",NA,NA,14993899,NA
FOXP1,OCG,"oncogene, fusion",NA,NA,"14993899, 27135926, 27161491",NA
EIF2AK1,Candidate,NA,NA,NA,25501392,pan-cancer_adult
PDE7B,Candidate,NA,NA,NA,26437031,T-cell_leukemia/lymphoma
INPP5J,Candidate,NA,NA,NA,27311963,pan-cancer_adult
AFF4,OCG,"oncogene, fusion",NA,NA,"27064257, 14993899",NA
SMC1B,Candidate,NA,NA,NA,24121791,bladder_cancer
KCNH5,Candidate,NA,NA,NA,27311963,pan-cancer_adult
BRPF3,Candidate,NA,NA,NA,24185513,cholangiocarcinoma
RSPH14,Candidate,NA,NA,NA,26998897,duodenal_adenocarcinoma
SALL3,Candidate,NA,NA,NA,23143597,burkitt lymphoma
GLS2,Candidate,NA,NA,NA,27311963,pan-cancer_adult
IL36A,Candidate,NA,NA,NA,26343386,desmoplastic_melanoma
SIGLEC8,Candidate,NA,NA,NA,24120142,glioblastoma
NMRK2,Candidate,NA,NA,NA,21499247,melanoma
PCDH17,Candidate,NA,NA,NA,"30718927, 18772397","esophageal_adenocarcinoma, pancreatic_ductal_adenocarcinoma"
CNTN6,Candidate,NA,NA,NA,26790612,squamous_head_and_neck_cancer
SULT1B1,Candidate,NA,NA,NA,24120142,glioblastoma
MOCS3,Candidate,NA,NA,NA,28362259,pan-cancer_adult
PGAP2,Candidate,NA,NA,NA,22343534,diffuse_large_B-cell_lymphoma
RBMX,Candidate,NA,NA,NA,"23636398, 26451490, 29617667","endometrial_cancer, breast_cancer, pan-cancer_adult"
TOX3,Candidate,NA,NA,NA,29354286,pan-cancer_adult
TNRC6A,Candidate,NA,NA,NA,28352668,parathyroid_carcinoma
PCDH11X,Candidate,NA,NA,NA,"22510280, 28479318, 22158541","non-small_cell_lung_cancer, cutaneous_DLBCL, chronic_lymphocytic_leukemia"
ZNF638,Candidate,NA,NA,NA,"18772397, 26437031","pancreatic_ductal_adenocarcinoma, T-cell_leukemia/lymphoma"
UTP20,Candidate,NA,NA,NA,22156295,pancreatic_ductal_adenocarcinoma
RABGEF1,Candidate,NA,NA,NA,30755618,bladder_cancer
TOR1B,Candidate,NA,NA,NA,27311963,pan-cancer_adult
POLM,Candidate,NA,NA,NA,30606723,"dlblc, follicular_lymphoma"
EML4,Candidate,NA,NA,NA,30132154,gastric_cancer
TMEM121B,Candidate,NA,NA,NA,"28362259, 27311963","pan-cancer_adult, pan-cancer_adult"
CDH19,Candidate,NA,NA,NA,23636398,endometrial_cancer
DLL1,Candidate,NA,NA,NA,25501392,pan-cancer_adult
REM1,Candidate,NA,NA,NA,27311963,pan-cancer_adult
C19orf53,Candidate,NA,NA,NA,28362259,pan-cancer_adult
RGCC,Candidate,NA,NA,NA,27311963,pan-cancer_adult
HIPK2,Candidate,NA,NA,NA,27311963,pan-cancer_adult
ATAD2,Candidate,NA,NA,NA,26451490,breast_cancer
SETD2,TSG,TSG,TSG,TSG,"26909576, 29625053, 24633157, 26928227, 27158780, 23792563, 25079552, 26824661, 26947078, 20054297, 25401301, 24705250, 14993899, 22397650, 24487277, 29489754, 22138691, 30322867, 22980975, 29945994, 27687306, 24132290, 26437031, 25790038, 25576899, 24390350, 25501392, 29489755, 31444325, 27311963, 27135926, 32025015, 32494066, 25351205, 22722201, 26437033, 26536169, 23539594, 26099045, 22237106, 25301631",NA
MRPL18,Candidate,NA,NA,NA,28249600,acute_myeloid_leukemia
BABAM1,Candidate,NA,NA,NA,19657110,acute_myeloid_leukemia
TMEM208,Candidate,NA,NA,NA,28362259,pan-cancer_adult
DROSHA,TSG,TSG,NA,NA,"14993899, 29489754, 29945994, 29489755",NA
CFAP20,Candidate,NA,NA,NA,29617667,pan-cancer_adult
FHOD1,Candidate,NA,NA,NA,26824661,pan-glioma
TBK1,Candidate,NA,NA,NA,26939876,triple_negative_breast_cancer
BRD7,Candidate,NA,NA,NA,"29625053, 27064257, 27064257, 32025015, 25362482","pan-cancer_adult, hepatocellular_carcinoma, cholangiocarcinoma, hepatocellular_carcinoma, cholangiocarcinoma, pan-cancer_adult, hepatocellular_carcinoma"
DDX25,Candidate,NA,NA,NA,26192917,natural_killer/T_cell_lymphoma
CTNNA3,Candidate,NA,NA,NA,22510280,non-small_cell_lung_cancer
CD274,TSG,"TSG, fusion",NA,NA,14993899,NA
USP25,Candidate,NA,NA,NA,22634756,hepatocellular_carcinoma
CARD10,Candidate,NA,NA,NA,22156295,pancreatic_ductal_adenocarcinoma
NCAPH2,Candidate,NA,NA,NA,25501392,pan-cancer_adult
SNX8,Candidate,NA,NA,NA,28128360,pan-cancer_adult
RBM15B,Candidate,NA,NA,NA,29617667,pan-cancer_adult
EEF2K,Candidate,NA,NA,NA,31954095,pan-cancer_adult
HCFC2,Candidate,NA,NA,NA,29622464,pan-gynecological and breast
PCDHB1,Candidate,NA,NA,NA,"30606723, 26648538","dlblc, follicular_lymphoma, chronic_myelomonocytic_leukemia"
DSE,Candidate,NA,NA,NA,22922871,hepatocellular_carcinoma
PDZRN4,Candidate,NA,NA,NA,29354286,pan-cancer_adult
DPP7,Candidate,NA,NA,NA,27311963,pan-cancer_adult
TRHDE,Candidate,NA,NA,NA,27687306,lung_adenocarcinoma
MDFIC,Candidate,NA,NA,NA,27311963,pan-cancer_adult
A1CF,OCG,oncogene,NA,NA,14993899,NA
PACSIN1,Candidate,NA,NA,NA,27149842,colorectal_adenocarcinoma
BAZ2B,Candidate,NA,NA,NA,"22634756, 27687306","hepatocellular_carcinoma, lung_adenocarcinoma"
LMCD1,Candidate,NA,NA,NA,26192917,natural_killer/T_cell_lymphoma
NOP53,Candidate,NA,NA,NA,27311963,pan-cancer_adult
BICRA,Candidate,NA,NA,NA,18772397,pancreatic_ductal_adenocarcinoma
TNPO2,Candidate,NA,NA,NA,27311963,pan-cancer_adult
TLX3,OCG,"oncogene, fusion",NA,NA,"14993899, 29489755",NA
CD209,Candidate,NA,NA,NA,14993899,NA
PIK3R4,Candidate,NA,NA,NA,"24121792, 26258847","bladder_cancer, cutaneous_T_cell_lymphoma"
SCAPER,Candidate,NA,NA,NA,25501392,pan-cancer_adult
WRAP73,Candidate,NA,NA,NA,27311963,pan-cancer_adult
CLDN20,Candidate,NA,NA,NA,28362259,pan-cancer_adult
NOX4,Candidate,NA,NA,NA,29354286,pan-cancer_adult
COL5A3,Candidate,NA,NA,NA,24390350,pan-cancer_adult
CHST11,OCG,"oncogene, fusion",NA,NA,14993899,NA
IL22,Candidate,NA,NA,NA,29854292,breast_cancer
PNPLA8,Candidate,NA,NA,NA,30606723,"dlblc, follicular_lymphoma"
ARHGEF3,Candidate,NA,NA,NA,"30107175, 27311963","hurthle_cell_carcinoma, pan-cancer_adult"
VILL,Candidate,NA,NA,NA,22158541,chronic_lymphocytic_leukemia
CDON,Candidate,NA,NA,NA,25501392,pan-cancer_adult
IMPG2,Candidate,NA,NA,NA,"28467829, 19657110","melanoma, acute_myeloid_leukemia"
SHANK1,Candidate,NA,NA,NA,"22138691, 27311963","clear_cell_renal_cancer, pan-cancer_adult"
TBX22,Candidate,NA,NA,NA,20668451,lung_cancer_(all_histologies)
MTERF3,Candidate,NA,NA,NA,30718927,esophageal_adenocarcinoma
MED31,Candidate,NA,NA,NA,"28467829, 28362259, 27311963","melanoma, pan-cancer_adult, pan-cancer_adult"
ZBTB7B,Candidate,NA,NA,NA,"29625053, 28292439, 28988769","pan-cancer_adult, uterine_carcinosarcoma, bladder_cancer"
FAM135B,Candidate,NA,NA,NA,"23636398, 14993899, 30132154, 27311963, 21798893",NA
FCF1,Candidate,NA,NA,NA,28128360,pan-cancer_adult
MLXIPL,Candidate,NA,NA,NA,27236916,papillary_thyroid_cancer
KLHL5,Candidate,NA,NA,NA,27158780,lung_cancer_(all_histologies)
SH3GLB1,Candidate,NA,NA,NA,30606723,"dlblc, follicular_lymphoma"
RMDN1,Candidate,NA,NA,NA,27311963,pan-cancer_adult
SBDS,TSG,TSG,NA,NA,14993899,NA
RLIM,Candidate,NA,NA,NA,29590631,meningioma
CEP83,Candidate,NA,NA,NA,"27311963, 22156295","pan-cancer_adult, pancreatic_ductal_adenocarcinoma"
IRAK4,Candidate,NA,NA,NA,"28531216, 20668451","esophageal_adenocarcinoma, breast_cancer"
RNFT1,Candidate,NA,NA,NA,27064257,"hepatocellular_carcinoma, cholangiocarcinoma"
SDF4,Candidate,NA,NA,NA,27311963,pan-cancer_adult
DBR1,Candidate,NA,NA,NA,22484628,gastric_adenocarcinoma
LEF1,Candidate,"oncogene, TSG",NA,NA,"14993899, 29489755",NA
CRBN,Candidate,NA,NA,NA,27311963,pan-cancer_adult
PLCE1,Candidate,NA,NA,NA,25501392,pan-cancer_adult
NIN,Candidate,NA,NA,NA,25855536,pancreatic_ductal_adenocarcinoma
ABI3,Candidate,NA,NA,NA,21798893,squamous_head_and_neck_cancer
TBC1D7,Candidate,NA,NA,NA,27311963,pan-cancer_adult
TMEM216,Candidate,NA,NA,NA,26091043,melanoma
TLR7,Candidate,NA,NA,NA,28531216,esophageal_adenocarcinoma
RXFP3,Candidate,NA,NA,NA,21798897,squamous_head_and_neck_cancer
NME8,Candidate,NA,NA,NA,28362259,pan-cancer_adult
KRCC1,Candidate,NA,NA,NA,30606723,"dlblc, follicular_lymphoma"
PHF21A,Candidate,NA,NA,NA,29354286,pan-cancer_adult
WAC,Candidate,NA,NA,NA,"22237025, 25501392, 29489755","acute_myeloid_leukemia, pan-cancer_adult, pan-cancer_paediatric"
SPTBN5,Candidate,NA,NA,NA,27236916,papillary_thyroid_cancer
CRNKL1,Candidate,NA,NA,NA,14993899,NA
ZBTB7A,Candidate,NA,NA,NA,29489755,pan-cancer_paediatric
ZMYND10,Candidate,NA,NA,NA,18948947,lung_adenocarcinoma
PLA1A,Candidate,NA,NA,NA,27311963,pan-cancer_adult
UBR5,OCG,oncogene,NA,NA,"14993899, 29945994",NA
SNX7,Candidate,NA,NA,NA,22158541,chronic_lymphocytic_leukemia
UCHL5,Candidate,NA,NA,NA,28452984,chronic_myeloid_leukemia
ACTL6B,Candidate,NA,NA,NA,26451490,breast_cancer
DDX41,Candidate,NA,NA,NA,"22237025, 29617667","acute_myeloid_leukemia, pan-cancer_adult"
MAGEC2,Candidate,NA,NA,NA,"28256603, 21798893, 28551381","nasopharyngeal_carcinoma, squamous_head_and_neck_cancer, colorectal_adenocarcinoma"
YTHDF2,Candidate,NA,NA,NA,26437031,T-cell_leukemia/lymphoma
HIKESHI,Candidate,NA,NA,NA,25730765,acute_lymphocytic_leukemia
RTF2,Candidate,NA,NA,NA,27311963,pan-cancer_adult
DTL,Candidate,NA,NA,NA,"28362259, 32025015","pan-cancer_adult, pan-cancer_adult"
CXXC5,Candidate,NA,NA,NA,27311963,pan-cancer_adult
ZC3HC1,Candidate,NA,NA,NA,27311963,pan-cancer_adult
RAB14,Candidate,NA,NA,NA,27311963,pan-cancer_adult
LGSN,Candidate,NA,NA,NA,28362259,pan-cancer_adult
HDAC7,Candidate,NA,NA,NA,29489755,pan-cancer_paediatric
ARMCX3,Candidate,NA,NA,NA,27311963,pan-cancer_adult
LARP7,Candidate,NA,NA,NA,29622464,pan-gynecological and breast
AZIN1,Candidate,NA,NA,NA,28622513,hepatocellular_carcinoma
PCF11,Candidate,NA,NA,NA,"29354286, 32024818","pan-cancer_adult, pan-cancer_adult"
TRIM33,TSG,"TSG, fusion",NA,NA,14993899,NA
SRRT,Candidate,NA,NA,NA,27149842,colorectal_adenocarcinoma
NOP58,Candidate,NA,NA,NA,26790612,squamous_head_and_neck_cancer
PIGT,Candidate,NA,NA,NA,27325650,penile_squamous_cancer
ERGIC3,Candidate,NA,NA,NA,"28467829, 28362259","melanoma, pan-cancer_adult"
LUC7L2,Candidate,NA,NA,NA,26908133,chronic_myelomonocytic_leukemia
RBMX2,Candidate,NA,NA,NA,29617667,pan-cancer_adult
PPIL1,Candidate,NA,NA,NA,29617667,pan-cancer_adult
MRPS33,Candidate,NA,NA,NA,27311963,pan-cancer_adult
SUFU,TSG,TSG,NA,NA,"26950094, 14993899, 29489754",NA
TRAPPC2L,Candidate,NA,NA,NA,27311963,pan-cancer_adult
FBXO40,Candidate,NA,NA,NA,27311963,pan-cancer_adult
WBP11,Candidate,NA,NA,NA,29617667,pan-cancer_adult
CDK12,TSG,TSG,NA,NA,"29625053, 21720365, 14993899, 22722839, 24132290, 24390350, 27311963, 26000489, 29617667",NA
C9orf78,Candidate,NA,NA,NA,29617667,pan-cancer_adult
STK26,Candidate,NA,NA,NA,27149842,colorectal_adenocarcinoma
PHAX,Candidate,NA,NA,NA,27311963,pan-cancer_adult
BCL11A,OCG,"oncogene, fusion",NA,NA,"30606723, 14993899",NA
LRP1B,TSG,TSG,NA,NA,"29895955, 18948947, 14993899, 22138691, 29945994, 30132154, 22327622, 22327622, 26608593, 22197931, 27058444, 22158541, 28551381, 22484628",NA
NUP54,Candidate,NA,NA,NA,27311963,pan-cancer_adult
CLIC5,Candidate,NA,NA,NA,27311963,pan-cancer_adult
ADAM22,Candidate,NA,NA,NA,"27311963, 27058444","pan-cancer_adult, esophageal_squamous_carcinoma"
PCBP3,Candidate,NA,NA,NA,29617667,pan-cancer_adult
TSPEAR,Candidate,NA,NA,NA,18772396,glioblastoma
TLR9,Candidate,NA,NA,NA,"28531216, 27311963","esophageal_adenocarcinoma, pan-cancer_adult"
ERRFI1,Candidate,NA,NA,NA,22634756,hepatocellular_carcinoma
KCNK10,Candidate,NA,NA,NA,"31558468, 31558468","burkitt lymphoma, burkitt lymphoma"
GNG2,Candidate,NA,NA,NA,27311963,pan-cancer_adult
SSH1,Candidate,NA,NA,NA,27149842,colorectal_adenocarcinoma
SEMA5B,Candidate,NA,NA,NA,18772397,pancreatic_ductal_adenocarcinoma
RBM27,Candidate,NA,NA,NA,"18772396, 29617667","glioblastoma, pan-cancer_adult"
ANLN,Candidate,NA,NA,NA,29854292,breast_cancer
MRPS21,Candidate,NA,NA,NA,25609015,testicular_germ_cell_cancer
FBXW5,Candidate,NA,NA,NA,27311963,pan-cancer_adult
XRN1,Candidate,NA,NA,NA,26168399,small_cell_lung_cancer
MIOS,Candidate,NA,NA,NA,30606723,"dlblc, follicular_lymphoma"
RNF216,Candidate,NA,NA,NA,"28362259, 27311963","pan-cancer_adult, pan-cancer_adult"
CHPF2,Candidate,NA,NA,NA,26192917,natural_killer/T_cell_lymphoma
DGCR8,OCG,oncogene,NA,NA,"14993899, 29489754, 29489755",NA
TMX3,Candidate,NA,NA,NA,30606723,"dlblc, follicular_lymphoma"
PCDH18,Candidate,NA,NA,NA,18772397,pancreatic_ductal_adenocarcinoma
ANKRD16,Candidate,NA,NA,NA,28362259,pan-cancer_adult
SDK2,Candidate,NA,NA,NA,26909576,pancreatic_cancer_(all_histologies)
SPATA6,Candidate,NA,NA,NA,27311963,pan-cancer_adult
INO80,Candidate,NA,NA,NA,29489755,pan-cancer_paediatric
TBC1D13,Candidate,NA,NA,NA,28467829,melanoma
WDR74,Candidate,NA,NA,NA,"30718927, 27064257, 28362259, 27311963, 27135926, 32025015, 32024818, 30755618, 31954095","esophageal_adenocarcinoma, hepatocellular_carcinoma, cholangiocarcinoma, pan-cancer_adult, pan-cancer_adult, breast_cancer, pan-cancer_adult, pan-cancer_adult, bladder_cancer, pan-cancer_adult"
RSBN1,Candidate,NA,NA,NA,29854292,breast_cancer
LRRN3,Candidate,NA,NA,NA,"29354286, 18772397, 28064239","pan-cancer_adult, pancreatic_ductal_adenocarcinoma, follicular_lymphoma"
P4HTM,Candidate,NA,NA,NA,"28667006, 25501392","cholangiocarcinoma, pan-cancer_adult"
RBFOX1,Candidate,NA,NA,NA,29354286,pan-cancer_adult
FEV,OCG,"oncogene, fusion",NA,NA,14993899,NA
LY6K,Candidate,NA,NA,NA,28362259,pan-cancer_adult
KLHDC4,Candidate,NA,NA,NA,18772397,pancreatic_ductal_adenocarcinoma
HYDIN,Candidate,NA,NA,NA,"27058444, 22158541, 28551381","esophageal_squamous_carcinoma, chronic_lymphocytic_leukemia, colorectal_adenocarcinoma"
RNF111,Candidate,NA,NA,NA,29625053,pan-cancer_adult
TET2,TSG,TSG,TSG,NA,"29625053, 23634996, 22976956, 14993899, 24132290, 26437031, 24390350, 24952746, 29489755, 27063598, 26648538, 31444325, 26908133, 27311963, 26574607, 24325359, 27135926, 24413734, 24413737, 28452984, 23539594, 22817890, 21909114",NA
BNC2,Candidate,NA,NA,NA,"25079317, 27311963","gastric_adenocarcinoma, pan-cancer_adult"
AHI1,Candidate,NA,NA,NA,"27149842, 27311963","colorectal_adenocarcinoma, pan-cancer_adult"
CDHR2,Candidate,NA,NA,NA,18987736,acute_myeloid_leukemia
SYTL2,Candidate,NA,NA,NA,27311963,pan-cancer_adult
TENT5C,TSG,TSG,NA,NA,"21430775, 14993899, 24390350, 31444325",NA
SNRK,Candidate,NA,NA,NA,"28296713, 25501392","mucosal_melanoma, pan-cancer_adult"
CC2D1A,Candidate,NA,NA,NA,28256603,nasopharyngeal_carcinoma
GPATCH4,Candidate,NA,NA,NA,28622513,hepatocellular_carcinoma
EPS8L1,Candidate,NA,NA,NA,28362259,pan-cancer_adult
FNBP1L,Candidate,NA,NA,NA,29854292,breast_cancer
CNTLN,Candidate,NA,NA,NA,27325650,penile_squamous_cancer
ZCCHC2,Candidate,NA,NA,NA,27311963,pan-cancer_adult
BCOR,TSG,"TSG, fusion",TSG,TSG,"29625053, 23636398, 25079317, 26824661, 14993899, 27348297, 29489754, 27126562, 23415222, 26466571, 24390350, 29622466, 29489755, 26908133, 27311963, 27135926, 22820256, 27313181, 32494066, 26437033, 23539594, 24705251, 21909114",NA
NCAPG2,Candidate,NA,NA,NA,25501392,pan-cancer_adult
RNF43,TSG,TSG,TSG,TSG,"26909576, 29625053, 29622464, 25079317, 30718927, 14993899, 25344691, 27149842, 27348297, 29945994, 28667006, 30132154, 29622466, 22561520, 32025015, 26000489, 32494066, 32024818, 28810144, 23539594, 24816253, 25855536, 22158988, 26806338",NA
CASZ1,Candidate,NA,NA,NA,"26451490, 27311963","breast_cancer, pan-cancer_adult"
NSD3,OCG,"oncogene, fusion",NA,NA,14993899,NA
DNAAF5,Candidate,NA,NA,NA,27149842,colorectal_adenocarcinoma
TRMT10C,Candidate,NA,NA,NA,27311963,pan-cancer_adult
SOHLH2,Candidate,NA,NA,NA,25079317,gastric_adenocarcinoma
DNAJC28,Candidate,NA,NA,NA,27311963,pan-cancer_adult
SDHAF2,TSG,TSG,NA,NA,14993899,NA
TMEM160,Candidate,NA,NA,NA,28362259,pan-cancer_adult
ODAM,Candidate,NA,NA,NA,24390350,pan-cancer_adult
SSH3,Candidate,NA,NA,NA,28988769,bladder_cancer
TIPIN,Candidate,NA,NA,NA,27311963,pan-cancer_adult
ZNF770,Candidate,NA,NA,NA,23636398,endometrial_cancer
C1orf159,Candidate,NA,NA,NA,27311963,pan-cancer_adult
TESC,Candidate,NA,NA,NA,27311963,pan-cancer_adult
PRPF39,Candidate,NA,NA,NA,29617667,pan-cancer_adult
PHIP,Candidate,NA,NA,NA,18772396,glioblastoma
SLC35A5,Candidate,NA,NA,NA,30606723,"dlblc, follicular_lymphoma"
MRPL20,Candidate,NA,NA,NA,27311963,pan-cancer_adult
ZWILCH,Candidate,NA,NA,NA,21804550,diffuse_large_B-cell_lymphoma
UACA,Candidate,NA,NA,NA,25501392,pan-cancer_adult
AGGF1,Candidate,NA,NA,NA,29617667,pan-cancer_adult
SLC6A15,Candidate,NA,NA,NA,18772397,pancreatic_ductal_adenocarcinoma
PRPF38B,Candidate,NA,NA,NA,29617667,pan-cancer_adult
PIWIL2,Candidate,NA,NA,NA,27311963,pan-cancer_adult
HEATR1,Candidate,NA,NA,NA,27311963,pan-cancer_adult
ZDHHC4,Candidate,NA,NA,NA,26824661,pan-glioma
RFWD3,TSG,TSG,NA,NA,14993899,NA
ARHGEF10L,TSG,TSG,NA,NA,"14993899, 27009842",NA
SHQ1,Candidate,NA,NA,NA,26939876,triple_negative_breast_cancer
KLHL11,Candidate,NA,NA,NA,28362259,pan-cancer_adult
SMG8,Candidate,NA,NA,NA,29489754,pan-cancer_paediatric
NUDT11,Candidate,NA,NA,NA,21798893,squamous_head_and_neck_cancer
PBRM1,TSG,TSG,TSG,TSG,"26909576, 29625053, 23792563, 26947078, 28297679, 30718927, 14993899, 24487277, 26804919, 22138691, 24185509, 18772397, 29945994, 28667006, 24132290, 28128360, 24390350, 25501392, 27311963, 27311963, 27135926, 22683710, 27161491, 24974848, 32025015, 32494066, 25351205, 31253977, 32024818, 26536169, 28810144, 21248752, 23539594, 26939876, 26099045",NA
RESF1,Candidate,NA,NA,NA,21804550,diffuse_large_B-cell_lymphoma
MAP1S,Candidate,NA,NA,NA,"28362259, 27311963","pan-cancer_adult, pan-cancer_adult"
DPPA4,Candidate,NA,NA,NA,28362259,pan-cancer_adult
"NAT10",Candidate,NA,NA,NA,27149842,colorectal_adenocarcinoma
SMU1,Candidate,NA,NA,NA,27236916,papillary_thyroid_cancer
UBA6,Candidate,NA,NA,NA,27687306,lung_adenocarcinoma
ASXL2,TSG,TSG,NA,NA,"29625053, 24121791, 14993899, 28362259, 24390350, 25501392, 29489755, 26908133, 27311963, 28988769",NA
VPS53,Candidate,NA,NA,NA,"28362259, 27311963","pan-cancer_adult, pan-cancer_adult"
TMEM40,Candidate,NA,NA,NA,25609015,testicular_germ_cell_cancer
ACOXL,Candidate,NA,NA,NA,27149842,colorectal_adenocarcinoma
FBXW7,TSG,TSG,TSG,TSG,"21798897, 22877736, 26909576, 29625053, 20601955, 29622464, 26950094, 27158780, 22810696, 23636398, 24476821, 28548104, 28292439, 28522256, 28256603, 26451490, 23263491, 30718927, 14993899, 25151357, 27149842, 27348297, 26804919, 29489754, 29354286, 26790612, 22980975, 28667006, 20668451, 24132290, 23415222, 26466571, 24390350, 23104009, 30132154, 25501392, 26503331, 28098136, 22327622, 29622466, 29489755, 27311963, 27135926, 24390348, 27058444, 32025015, 28988769, 32494066, 22895193, 26343386, 28112728, 23539594, 22150006, 26939876, 26625313, 26806338, 27791010",NA
GIMAP4,Candidate,NA,NA,NA,28362259,pan-cancer_adult
CHDH,Candidate,NA,NA,NA,27311963,pan-cancer_adult
LAPTM4B,Candidate,NA,NA,NA,29489754,pan-cancer_paediatric
STYK1,Candidate,NA,NA,NA,"21798893, 23583981","squamous_head_and_neck_cancer, paediatric_low_grade_glioma"
ZNF331,TSG,"TSG, fusion",NA,NA,14993899,NA
SIRPG,Candidate,NA,NA,NA,"28362259, 27311963","pan-cancer_adult, pan-cancer_adult"
ETNK1,TSG,TSG,NA,NA,"14993899, 26908133",NA
TRPV6,Candidate,NA,NA,NA,24120142,glioblastoma
SAGE1,Candidate,NA,NA,NA,22156295,pancreatic_ductal_adenocarcinoma
FEM1A,Candidate,NA,NA,NA,28362259,pan-cancer_adult
MAML3,Candidate,NA,NA,NA,28249600,acute_myeloid_leukemia
ZNF823,Candidate,NA,NA,NA,21798893,squamous_head_and_neck_cancer
PLXNA3,Candidate,NA,NA,NA,26121086,neuroblastoma
CDC42BPG,Candidate,NA,NA,NA,"27058444, 22156295","esophageal_squamous_carcinoma, pancreatic_ductal_adenocarcinoma"
DNAH3,Candidate,NA,NA,NA,22510280,non-small_cell_lung_cancer
KIF27,Candidate,NA,NA,NA,20668451,lung_cancer_(all_histologies)
ZCCHC8,Candidate,NA,NA,NA,29617667,pan-cancer_adult
ITLN1,Candidate,NA,NA,NA,21499247,melanoma
CDKN2AIP,Candidate,NA,NA,NA,25501392,pan-cancer_adult
KIF21A,Candidate,NA,NA,NA,22941189,small_cell_lung_cancer
PPP1R9A,Candidate,NA,NA,NA,21798893,squamous_head_and_neck_cancer
MTMR8,Candidate,NA,NA,NA,21804550,diffuse_large_B-cell_lymphoma
KIF16B,Candidate,NA,NA,NA,22877736,esophageal_(squamous_and_adenocarcinoma)
G2E3,Candidate,NA,NA,NA,27311963,pan-cancer_adult
CHD7,Candidate,NA,NA,NA,"22722829, 28551381","medulloblastoma, colorectal_adenocarcinoma"
TMEM127,TSG,TSG,NA,NA,14993899,NA
DDX27,Candidate,NA,NA,NA,29617667,pan-cancer_adult
CDC37L1,Candidate,NA,NA,NA,27311963,pan-cancer_adult
NBPF1,Candidate,NA,NA,NA,"24390350, 29590631, 31954095","pan-cancer_adult, meningioma, pan-cancer_adult"
SLC30A6,Candidate,NA,NA,NA,27311963,pan-cancer_adult
IWS1,Candidate,NA,NA,NA,"25501392, 27311963","pan-cancer_adult, pan-cancer_adult"
SCYL2,Candidate,NA,NA,NA,"28362259, 27311963","pan-cancer_adult, pan-cancer_adult"
LUC7L,Candidate,NA,NA,NA,27064257,"hepatocellular_carcinoma, cholangiocarcinoma"
RADIL,Candidate,NA,NA,NA,"25790038, 22561520","papillary_renal_cell_carcinoma, cholangiocarcinoma"
CCDC88A,Candidate,NA,NA,NA,25501392,pan-cancer_adult
KBTBD4,Candidate,NA,NA,NA,29489754,pan-cancer_paediatric
POLR3E,Candidate,NA,NA,NA,"32025015, 31954095","pan-cancer_adult, pan-cancer_adult"
N4BP2,TSG,TSG,NA,NA,"14993899, 25501392",NA
ATF7IP,Candidate,NA,NA,NA,"29625053, 27158780, 29489755, 27311963, 24413735","pan-cancer_adult, lung_cancer_(all_histologies), pan-cancer_paediatric, pan-cancer_adult, acute_lymphoblastic_leukemia"
HHAT,Candidate,NA,NA,NA,27325650,penile_squamous_cancer
NUP133,Candidate,NA,NA,NA,29625053,pan-cancer_adult
CNDP2,Candidate,NA,NA,NA,27311963,pan-cancer_adult
CCAR1,Candidate,NA,NA,NA,"29622464, 27311963, 29617667","pan-gynecological and breast, pan-cancer_adult, pan-cancer_adult"
TMEM30A,Candidate,NA,NA,NA,"21796119, 21804550","non-Hodgkin_lymphoma, diffuse_large_B-cell_lymphoma"
WDR12,Candidate,NA,NA,NA,26091043,melanoma
EXOC2,Candidate,NA,NA,NA,20668451,breast_cancer
RIOK2,Candidate,NA,NA,NA,26608593,diffuse_large_B-cell_lymphoma
CMTR2,Candidate,NA,NA,NA,"27158780, 27311963","lung_cancer_(all_histologies), pan-cancer_adult"
CACNA2D3,Candidate,NA,NA,NA,27311963,pan-cancer_adult
TRERF1,Candidate,NA,NA,NA,27063598,acute_promyelocytic_leukemia
ALLC,Candidate,NA,NA,NA,21798893,squamous_head_and_neck_cancer
PAG1,Candidate,NA,NA,NA,23334668,acute_lymphocytic_leukemia
CENPJ,Candidate,NA,NA,NA,27325650,penile_squamous_cancer
EAF2,Candidate,NA,NA,NA,30606723,"dlblc, follicular_lymphoma"
TMEM165,Candidate,NA,NA,NA,27311963,pan-cancer_adult
SLC22A11,Candidate,NA,NA,NA,27311963,pan-cancer_adult
ASH1L,Candidate,NA,NA,NA,27064257,"hepatocellular_carcinoma, cholangiocarcinoma"
KMT2E,Candidate,NA,NA,NA,"29354286, 25501392","pan-cancer_adult, pan-cancer_adult"
ZC4H2,Candidate,NA,NA,NA,27311963,pan-cancer_adult
APOBR,Candidate,NA,NA,NA,29590631,meningioma
ERBIN,Candidate,NA,NA,NA,22343534,diffuse_large_B-cell_lymphoma
AJAP1,Candidate,NA,NA,NA,23525077,esophageal_adenocarcinoma
PDGFC,Candidate,NA,NA,NA,22343534,diffuse_large_B-cell_lymphoma
PCDHGC5,Candidate,NA,NA,NA,22158541,chronic_lymphocytic_leukemia
PCDHGB1,Candidate,NA,NA,NA,27009842,neuroblastoma
PCDHB8,Candidate,NA,NA,NA,21499247,melanoma
PCDHB6,Candidate,NA,NA,NA,22343534,diffuse_large_B-cell_lymphoma
PCDHAC2,Candidate,NA,NA,NA,27311963,pan-cancer_adult
PCDHA13,Candidate,NA,NA,NA,22561520,cholangiocarcinoma
PCDHA11,Candidate,NA,NA,NA,31558468,burkitt lymphoma
PCDHA10,Candidate,NA,NA,NA,31558468,burkitt lymphoma
TEX15,Candidate,NA,NA,NA,27313181,mucinous_gastric_cancer
TEX14,Candidate,NA,NA,NA,27149842,colorectal_adenocarcinoma
STK31,Candidate,NA,NA,NA,"27311963, 24755198","pan-cancer_adult, melanoma"
TDRD1,Candidate,NA,NA,NA,27149842,colorectal_adenocarcinoma
GSDMC,Candidate,NA,NA,NA,29622466,pan-gastric
DNAH7,Candidate,NA,NA,NA,"30718927, 26648538, 22037554","esophageal_adenocarcinoma, chronic_myelomonocytic_leukemia, gastric_adenocarcinoma"
MTFR1L,Candidate,NA,NA,NA,27311963,pan-cancer_adult
ZNF253,Candidate,NA,NA,NA,28362259,pan-cancer_adult
CRTAM,Candidate,NA,NA,NA,27236916,papillary_thyroid_cancer
RNF20,Candidate,NA,NA,NA,"25501392, 27311963, 29617667","pan-cancer_adult, pan-cancer_adult, pan-cancer_adult"
PARD3,Candidate,NA,NA,NA,28988769,bladder_cancer
TRPV5,Candidate,NA,NA,NA,18772396,glioblastoma
METTL3,Candidate,NA,NA,NA,"28988769, 22037554","bladder_cancer, gastric_adenocarcinoma"
KCNQ5,Candidate,NA,NA,NA,27311963,pan-cancer_adult
TMPRSS4,Candidate,NA,NA,NA,27311963,pan-cancer_adult
TWNK,Candidate,NA,NA,NA,21399634,acute_monocytic_leukemia
FMN2,Candidate,NA,NA,NA,"26168399, 22138691, 18772397, 22037554, 22484628","small_cell_lung_cancer, clear_cell_renal_cancer, pancreatic_ductal_adenocarcinoma, gastric_adenocarcinoma, gastric_adenocarcinoma"
CELF4,Candidate,NA,NA,NA,"22158541, 29617667","chronic_lymphocytic_leukemia, pan-cancer_adult"
FSTL5,Candidate,NA,NA,NA,"25151357, 29354286, 22158541","esophageal_squamous_carcinoma, pan-cancer_adult, chronic_lymphocytic_leukemia"
PAPOLB,Candidate,NA,NA,NA,28362259,pan-cancer_adult
NMUR2,Candidate,NA,NA,NA,27311963,pan-cancer_adult
CA10,Candidate,NA,NA,NA,29354286,pan-cancer_adult
WDR93,Candidate,NA,NA,NA,27311963,pan-cancer_adult
PRDM9,Candidate,NA,NA,NA,"22941188, 22158541, 21798893, 28452984","small_cell_lung_cancer, chronic_lymphocytic_leukemia, squamous_head_and_neck_cancer, chronic_myeloid_leukemia"
POGLUT1,Candidate,NA,NA,NA,27311963,pan-cancer_adult
BBX,Candidate,NA,NA,NA,28128360,pan-cancer_adult
CHPT1,Candidate,NA,NA,NA,27325650,penile_squamous_cancer
ADAMTS9,Candidate,NA,NA,NA,"27311963, 23583981","pan-cancer_adult, paediatric_low_grade_glioma"
YAE1,Candidate,NA,NA,NA,27311963,pan-cancer_adult
ACKR3,OCG,"oncogene, fusion",NA,NA,14993899,NA
AKR1B10,Candidate,NA,NA,NA,21499247,melanoma
CCNL1,Candidate,NA,NA,NA,22484628,gastric_adenocarcinoma
PLSCR2,Candidate,NA,NA,NA,30606723,"dlblc, follicular_lymphoma"
KNL1,TSG,"TSG, fusion",NA,NA,14993899,NA
PLSCR4,Candidate,NA,NA,NA,22941189,small_cell_lung_cancer
RPGRIP1,Candidate,NA,NA,NA,27311963,pan-cancer_adult
PNPLA2,Candidate,NA,NA,NA,28467829,melanoma
CYSLTR2,OCG,oncogene,NA,NA,"29625053, 14993899, 28810145, 31253977",NA
PDSS2,Candidate,NA,NA,NA,24390350,pan-cancer_adult
TRPC7,Candidate,NA,NA,NA,27311963,pan-cancer_adult
INTS12,Candidate,NA,NA,NA,24390350,pan-cancer_adult
GOPC,Candidate,NA,NA,NA,22980975,lung_adenocarcinoma
PLXDC1,Candidate,NA,NA,NA,30755618,bladder_cancer
RHBG,Candidate,NA,NA,NA,26451490,breast_cancer
APMAP,Candidate,NA,NA,NA,27311963,pan-cancer_adult
RTN4,Candidate,NA,NA,NA,27311963,pan-cancer_adult
ADCK1,Candidate,NA,NA,NA,28352668,parathyroid_carcinoma
PAK5,Candidate,NA,NA,NA,28551381,colorectal_adenocarcinoma
SLURP1,Candidate,NA,NA,NA,22941188,small_cell_lung_cancer
SALL4,OCG,oncogene,NA,NA,"14993899, 29945994",NA
VARS2,Candidate,NA,NA,NA,25501392,pan-cancer_adult
ZMIZ1,Candidate,NA,NA,NA,"25501392, 29489755","pan-cancer_adult, pan-cancer_paediatric"
ANKRD50,Candidate,NA,NA,NA,29354286,pan-cancer_adult
ADAMTSL3,Candidate,NA,NA,NA,"21804550, 26121086","diffuse_large_B-cell_lymphoma, neuroblastoma"
ATP10A,Candidate,NA,NA,NA,"24185513, 18772397","cholangiocarcinoma, pancreatic_ductal_adenocarcinoma"
ATP8B2,Candidate,NA,NA,NA,27236916,papillary_thyroid_cancer
ATP10D,Candidate,NA,NA,NA,"27325650, 28362259","penile_squamous_cancer, pan-cancer_adult"
ADGRG6,Candidate,NA,NA,NA,"32024818, 30755618","pan-cancer_adult, bladder_cancer"
SLC4A10,Candidate,NA,NA,NA,22158541,chronic_lymphocytic_leukemia
CLK4,Candidate,NA,NA,NA,29617667,pan-cancer_adult
LRTM1,Candidate,NA,NA,NA,28362259,pan-cancer_adult
BIRC6,OCG,"oncogene, fusion",NA,NA,"14993899, 30132154",NA
TENM2,Candidate,NA,NA,NA,23263491,acute_lymphoblastic_leukemia
SCAF4,Candidate,NA,NA,NA,29625053,pan-cancer_adult
SLC12A5,Candidate,NA,NA,NA,32024818,pan-cancer_adult
LRRC47,Candidate,NA,NA,NA,27311963,pan-cancer_adult
GRAMD1B,Candidate,NA,NA,NA,28362259,pan-cancer_adult
USP31,Candidate,NA,NA,NA,27325650,penile_squamous_cancer
CRACD,Candidate,NA,NA,NA,26168399,small_cell_lung_cancer
NLN,Candidate,NA,NA,NA,22158541,chronic_lymphocytic_leukemia
ARID1B,TSG,TSG,TSG,NA,"28297679, 30718927, 22634756, 14993899, 30132154, 25501392, 27063598, 28412734, 27311963, 27135926, 23202128, 22722201, 23539594, 26099045, 25301631",NA
LRFN2,Candidate,NA,NA,NA,27311963,pan-cancer_adult
ZNF608,Candidate,NA,NA,NA,28064239,follicular_lymphoma
HECW2,Candidate,NA,NA,NA,"29854292, 25501392","breast_cancer, pan-cancer_adult"
RPTOR,Candidate,NA,NA,NA,"23619167, 26939876","squamous_head_and_neck_cancer, triple_negative_breast_cancer"
CASKIN1,Candidate,NA,NA,NA,27311963,pan-cancer_adult
RTL9,Candidate,NA,NA,NA,21804550,diffuse_large_B-cell_lymphoma
SORCS2,Candidate,NA,NA,NA,26121086,neuroblastoma
DISP3,Candidate,NA,NA,NA,29230811,mucosal_melanoma
PDP2,Candidate,NA,NA,NA,27311963,pan-cancer_adult
ZNF624,Candidate,NA,NA,NA,28128360,pan-cancer_adult
LRRC7,Candidate,NA,NA,NA,"22510280, 18772396, 28551381","non-small_cell_lung_cancer, glioblastoma, colorectal_adenocarcinoma"
SEMA6A,Candidate,NA,NA,NA,27311963,pan-cancer_adult
KLHL8,Candidate,NA,NA,NA,24390350,pan-cancer_adult
ZNF319,Candidate,NA,NA,NA,27311963,pan-cancer_adult
CARNS1,Candidate,NA,NA,NA,25501392,pan-cancer_adult
ZNF471,Candidate,NA,NA,NA,24390350,pan-cancer_adult
PCDH10,Candidate,NA,NA,NA,29354286,pan-cancer_adult
MRTFA,Candidate,"oncogene, TSG, fusion",NA,NA,14993899,NA
ZNF687,Candidate,NA,NA,NA,18772396,glioblastoma
PITPNM2,Candidate,NA,NA,NA,27325650,penile_squamous_cancer
RANBP10,Candidate,NA,NA,NA,27311963,pan-cancer_adult
TSHZ3,Candidate,NA,NA,NA,"30718927, 24132290, 24952746","esophageal_adenocarcinoma, pan-cancer_adult, nasopharyngeal_carcinoma"
SHROOM3,Candidate,NA,NA,NA,22484628,gastric_adenocarcinoma
STIM2,Candidate,NA,NA,NA,27311963,pan-cancer_adult
EP400,Candidate,NA,NA,NA,26625313,bladder_cancer
USP28,Candidate,NA,NA,NA,"27311963, 28988769","pan-cancer_adult, bladder_cancer"
CALCOCO1,Candidate,NA,NA,NA,29354286,pan-cancer_adult
USP29,Candidate,NA,NA,NA,"20668451, 27311963","lung_cancer_(all_histologies), pan-cancer_adult"
FBRSL1,Candidate,NA,NA,NA,27311963,pan-cancer_adult
RNF213,Candidate,NA,NA,NA,29854292,breast_cancer
ZFP14,Candidate,NA,NA,NA,28362259,pan-cancer_adult
GPAM,Candidate,NA,NA,NA,22722829,medulloblastoma
CHD8,Candidate,NA,NA,NA,"29625053, 24390350, 25501392, 31320640, 31558468, 31558468, 26437033","pan-cancer_adult, pan-cancer_adult, pan-cancer_adult, mucosal_melanoma, burkitt lymphoma, burkitt lymphoma, breast_fibroepithelial_tumours"
ZDBF2,Candidate,NA,NA,NA,22941189,small_cell_lung_cancer
CACHD1,Candidate,NA,NA,NA,25501392,pan-cancer_adult
ZSWIM6,Candidate,NA,NA,NA,32025015,pan-cancer_adult
LRRC4C,Candidate,NA,NA,NA,27311963,pan-cancer_adult
DDX55,Candidate,NA,NA,NA,26192917,natural_killer/T_cell_lymphoma
FANCM,Candidate,NA,NA,NA,27158780,lung_cancer_(all_histologies)
CPNE5,Candidate,NA,NA,NA,27311963,pan-cancer_adult
CWC22,Candidate,NA,NA,NA,29617667,pan-cancer_adult
PRX,Candidate,NA,NA,NA,24132290,pan-cancer_adult
GPR107,Candidate,NA,NA,NA,27311963,pan-cancer_adult
METTL14,Candidate,NA,NA,NA,"23636398, 27348297","endometrial_cancer, endometrial_cancer"
IGDCC4,Candidate,NA,NA,NA,27311963,pan-cancer_adult
EPG5,Candidate,NA,NA,NA,22158541,chronic_lymphocytic_leukemia
SPTBN4,Candidate,NA,NA,NA,22138691,clear_cell_renal_cancer
GATAD1,Candidate,NA,NA,NA,30718927,esophageal_adenocarcinoma
CCNB1IP1,TSG,"TSG, fusion",NA,NA,"14993899, 31954095",NA
SLC4A5,Candidate,NA,NA,NA,24390350,pan-cancer_adult
SQOR,Candidate,NA,NA,NA,31954095,pan-cancer_adult
CREBZF,Candidate,NA,NA,NA,26824661,pan-glioma
RPRD1B,Candidate,NA,NA,NA,31444325,multiple_myeloma
ZNF462,Candidate,NA,NA,NA,"29854292, 27325650","breast_cancer, penile_squamous_cancer"
KMT2C,TSG,TSG,TSG,NA,"26909576, 29625053, 22610119, 23103869, 27158780, 23000897, 26947078, 26451490, 27087322, 22976956, 28297679, 22634756, 14993899, 29489754, 21822268, 24121792, 28296713, 18772397, 29945994, 24132290, 24390350, 30132154, 25501392, 28098136, 24952746, 27063598, 28412734, 27311963, 22608084, 27135926, 22561520, 21163964, 27161491, 27058444, 32025015, 28988769, 26000489, 27313181, 26154128, 25351205, 22722201, 23539594, 22156295, 26939876, 26625313, 26099045",NA
RBM25,Candidate,NA,NA,NA,29617667,pan-cancer_adult
NTN4,Candidate,NA,NA,NA,24390350,pan-cancer_adult
CACNG6,Candidate,NA,NA,NA,"28362259, 27311963","pan-cancer_adult, pan-cancer_adult"
HRH4,Candidate,NA,NA,NA,28467829,melanoma
BACH2,Candidate,NA,NA,NA,"29354286, 31558468, 31558468","pan-cancer_adult, burkitt lymphoma, burkitt lymphoma"
SAV1,Candidate,NA,NA,NA,28297679,cholangiocarcinoma
CCDC81,Candidate,NA,NA,NA,25730765,acute_lymphocytic_leukemia
HPSE2,Candidate,NA,NA,NA,28128360,pan-cancer_adult
AGBL5,Candidate,NA,NA,NA,27311963,pan-cancer_adult
ALX4,Candidate,NA,NA,NA,27311963,pan-cancer_adult
DHX35,Candidate,NA,NA,NA,29617667,pan-cancer_adult
BCORL1,Candidate,"oncogene, TSG",NA,NA,"26909576, 14993899, 29489754, 29945994, 29489755, 24896186, 24705251",NA
VIPAS39,Candidate,NA,NA,NA,28362259,pan-cancer_adult
PIEZO2,Candidate,NA,NA,NA,"27313181, 25351205, 28551381","mucinous_gastric_cancer, clear_cell_renal_cancer, colorectal_adenocarcinoma"
FAM111A,Candidate,NA,NA,NA,27311963,pan-cancer_adult
TNN,Candidate,NA,NA,NA,22941188,small_cell_lung_cancer
MRPS14,Candidate,NA,NA,NA,27311963,pan-cancer_adult
KIF13A,Candidate,NA,NA,NA,27311963,pan-cancer_adult
NEUROG2,Candidate,NA,NA,NA,"29354286, 27311963, 21499247","pan-cancer_adult, pan-cancer_adult, melanoma"
PRDM16,OCG,"oncogene, fusion",NA,NA,14993899,NA
FIGNL1,Candidate,NA,NA,NA,30606723,"dlblc, follicular_lymphoma"
MYO1G,Candidate,NA,NA,NA,21804550,diffuse_large_B-cell_lymphoma
TSPYL2,Candidate,NA,NA,NA,29489755,pan-cancer_paediatric
RBM26,Candidate,NA,NA,NA,29617667,pan-cancer_adult
OXCT2,Candidate,NA,NA,NA,27311963,pan-cancer_adult
NPAS3,Candidate,NA,NA,NA,29354286,pan-cancer_adult
CDH23,Candidate,NA,NA,NA,"26648538, 22158541","chronic_myelomonocytic_leukemia, chronic_lymphocytic_leukemia"
CLSTN2,Candidate,NA,NA,NA,"27311963, 21798893, 28452984","pan-cancer_adult, squamous_head_and_neck_cancer, chronic_myeloid_leukemia"
SNX16,Candidate,NA,NA,NA,28362259,pan-cancer_adult
PARVG,Candidate,NA,NA,NA,27311963,pan-cancer_adult
CRLF2,OCG,"oncogene, fusion",Oncogene,NA,"14993899, 14993899, 29489755, 29489755, 23539594, 23539594",NA
NCAPG,Candidate,NA,NA,NA,27311963,pan-cancer_adult
ABCG8,Candidate,NA,NA,NA,21499247,melanoma
TENT4B,Candidate,NA,NA,NA,24390350,pan-cancer_adult
ZSCAN31,Candidate,NA,NA,NA,31954095,pan-cancer_adult
SOX17,Candidate,NA,NA,NA,"29625053, 27348297, 24132290, 24390350","pan-cancer_adult, endometrial_cancer, pan-cancer_adult, pan-cancer_adult"
NSD1,Candidate,NA,NA,NA,"29625053, 27158780, 25631445, 22976956, 24132290, 24390350, 27311963, 21798893, 21399634","pan-cancer_adult, lung_cancer_(all_histologies), squamous_head_and_neck_cancer, acute_myeloid_leukemia, pan-cancer_adult, pan-cancer_adult, pan-cancer_adult, squamous_head_and_neck_cancer, acute_monocytic_leukemia"
XPO4,Candidate,NA,NA,NA,26466571,chronic_lymphocytic_leukemia
NFKBIZ,Candidate,NA,NA,NA,32025015,pan-cancer_adult
HS1BP3,Candidate,NA,NA,NA,27311963,pan-cancer_adult
AZI2,Candidate,NA,NA,NA,29854292,breast_cancer
CDH24,Candidate,NA,NA,NA,18987736,acute_myeloid_leukemia
RGS18,Candidate,NA,NA,NA,29354286,pan-cancer_adult
DCLRE1C,Candidate,NA,NA,NA,25501392,pan-cancer_adult
ATG3,Candidate,NA,NA,NA,30606723,"dlblc, follicular_lymphoma"
PCNX4,Candidate,NA,NA,NA,26437033,breast_fibroepithelial_tumours
CPEB1,Candidate,NA,NA,NA,27311963,pan-cancer_adult
NDST4,Candidate,NA,NA,NA,29854292,breast_cancer
GORASP1,Candidate,NA,NA,NA,27149842,colorectal_adenocarcinoma
SMURF2,Candidate,NA,NA,NA,"29854292, 21499247","breast_cancer, melanoma"
CREB3L2,OCG,"oncogene, fusion",NA,NA,14993899,NA
RBM15,Candidate,NA,NA,NA,30755618,bladder_cancer
FBXL17,Candidate,NA,NA,NA,27311963,pan-cancer_adult
PORCN,Candidate,NA,NA,NA,28256603,nasopharyngeal_carcinoma
"NABP1",Candidate,NA,NA,NA,30606723,"dlblc, follicular_lymphoma"
RFX7,Candidate,NA,NA,NA,"30926794, 27311963, 31558468, 31558468","burkitt lymphoma, pan-cancer_adult, burkitt lymphoma, burkitt lymphoma"
BCL11B,Candidate,"oncogene, TSG, fusion",NA,NA,"23263491, 14993899, 29489755, 27313181",NA
MRPL36,Candidate,NA,NA,NA,28362259,pan-cancer_adult
ACD,Candidate,NA,NA,NA,26091043,melanoma
WNK1,Candidate,NA,NA,NA,28296713,mucosal_melanoma
PCDH15,Candidate,NA,NA,NA,"18772397, 27311963, 21798893, 31937901","pancreatic_ductal_adenocarcinoma, pan-cancer_adult, squamous_head_and_neck_cancer, ocular_adnexal_sebaceous_carcinoma"
"NADK",Candidate,NA,NA,NA,"26451490, 27311963","breast_cancer, pan-cancer_adult"
WNK2,TSG,TSG,NA,NA,"14993899, 26648538, 31558468",NA
DDX50,Candidate,NA,NA,NA,29617667,pan-cancer_adult
GGCT,Candidate,NA,NA,NA,27311963,pan-cancer_adult
AHNAK,Candidate,NA,NA,NA,22138691,clear_cell_renal_cancer
SPATA5L1,Candidate,NA,NA,NA,31954095,pan-cancer_adult
PVRIG,Candidate,NA,NA,NA,21499247,melanoma
DDX54,Candidate,NA,NA,NA,30606723,"dlblc, follicular_lymphoma"
ASPSCR1,Candidate,NA,NA,NA,27311963,pan-cancer_adult
FTO,Candidate,NA,NA,NA,30718927,esophageal_adenocarcinoma
C11orf49,Candidate,NA,NA,NA,28362259,pan-cancer_adult
TRIM48,Candidate,NA,NA,NA,25609015,testicular_germ_cell_cancer
RNF26,Candidate,NA,NA,NA,27311963,pan-cancer_adult
DHX58,Candidate,NA,NA,NA,26192917,natural_killer/T_cell_lymphoma
DERL1,Candidate,NA,NA,NA,28362259,pan-cancer_adult
GNPTAB,Candidate,NA,NA,NA,24390350,pan-cancer_adult
TMEM243,Candidate,NA,NA,NA,21798893,squamous_head_and_neck_cancer
CRELD2,Candidate,NA,NA,NA,28362259,pan-cancer_adult
EFHD2,Candidate,NA,NA,NA,28362259,pan-cancer_adult
BRCC3,Candidate,NA,NA,NA,26466571,chronic_lymphocytic_leukemia
IRX6,Candidate,NA,NA,NA,18772396,glioblastoma
THOC6,Candidate,NA,NA,NA,29617667,pan-cancer_adult
MMEL1,Candidate,NA,NA,NA,27311963,pan-cancer_adult
OR4C5,Candidate,NA,NA,NA,28362259,pan-cancer_adult
BHLHE41,Candidate,NA,NA,NA,31444325,multiple_myeloma
OR52N1,Candidate,NA,NA,NA,24390350,pan-cancer_adult
RIPOR1,Candidate,NA,NA,NA,27311963,pan-cancer_adult
CDC73,TSG,TSG,TSG,NA,"14993899, 29945994, 28352668, 23539594",NA
ARMH3,Candidate,NA,NA,NA,26824661,pan-glioma
OBI1,Candidate,NA,NA,NA,28362259,pan-cancer_adult
FAM118B,Candidate,NA,NA,NA,25501392,pan-cancer_adult
FAT4,TSG,TSG,NA,NA,"14993899, 24121792, 29945994, 26503331, 26608593, 26648538, 22197931, 28551381, 22484628",NA
FN3KRP,Candidate,NA,NA,NA,27311963,pan-cancer_adult
LRRK1,Candidate,NA,NA,NA,28296713,mucosal_melanoma
NOL9,Candidate,NA,NA,NA,29854292,breast_cancer
MORC4,Candidate,NA,NA,NA,"29622464, 24390350","pan-gynecological and breast, pan-cancer_adult"
IPO4,Candidate,NA,NA,NA,18772396,glioblastoma
TBL1XR1,Candidate,"oncogene, TSG, fusion",NA,NA,"29625053, 23000897, 26451490, 27064257, 14993899, 24132290, 26437031, 24390350, 22343534, 29489755, 28479318, 24413735, 27161491",NA
PALB2,TSG,TSG,NA,NA,"14993899, 29945994, 27135926, 28810144, 26099045",NA
ZNF750,Candidate,NA,NA,NA,"29625053, 28548104, 24390350, 24686850, 27058444, 28052061, 31937901","pan-cancer_adult, esophageal_squamous_carcinoma, pan-cancer_adult, esophageal_squamous_carcinoma, esophageal_squamous_carcinoma, esophageal_(squamous_and_adenocarcinoma), ocular_adnexal_sebaceous_carcinoma"
ZNF668,Candidate,NA,NA,NA,25501392,pan-cancer_adult
ISOC2,Candidate,NA,NA,NA,27311963,pan-cancer_adult
ELMO3,Candidate,NA,NA,NA,29854292,breast_cancer
ZFHX4,Candidate,NA,NA,NA,"22980976, 29354286, 25351205, 21798893","non-small_cell_lung_cancer, pan-cancer_adult, clear_cell_renal_cancer, squamous_head_and_neck_cancer"
FBXO31,Candidate,NA,NA,NA,"30107175, 21804550","hurthle_cell_carcinoma, diffuse_large_B-cell_lymphoma"
UGT2A3,Candidate,NA,NA,NA,24120142,glioblastoma
CARF,Candidate,NA,NA,NA,25501392,pan-cancer_adult
TTC21B,Candidate,NA,NA,NA,29854292,breast_cancer
ARHGAP28,Candidate,NA,NA,NA,22158541,chronic_lymphocytic_leukemia
LONRF3,Candidate,NA,NA,NA,29854292,breast_cancer
CCDC102B,Candidate,NA,NA,NA,"30606723, 30718927, 27595477, 24952744","dlblc, follicular_lymphoma, esophageal_adenocarcinoma, esophageal_adenocarcinoma, esophageal_adenocarcinoma"
AGBL2,Candidate,NA,NA,NA,25501392,pan-cancer_adult
BORA,Candidate,NA,NA,NA,27311963,pan-cancer_adult
PODNL1,Candidate,NA,NA,NA,24120142,glioblastoma
MCMBP,Candidate,NA,NA,NA,21499247,melanoma
MORN1,Candidate,NA,NA,NA,27311963,pan-cancer_adult
CNTNAP3,Candidate,NA,NA,NA,25730765,acute_lymphocytic_leukemia
PLEKHS1,Candidate,NA,NA,NA,"28362259, 27135926, 30755618","pan-cancer_adult, breast_cancer, bladder_cancer"
CEP76,Candidate,NA,NA,NA,24390350,pan-cancer_adult
WLS,Candidate,NA,NA,NA,29354286,pan-cancer_adult
GRHL2,Candidate,NA,NA,NA,29854292,breast_cancer
POF1B,Candidate,NA,NA,NA,22158541,chronic_lymphocytic_leukemia
SEMA6D,Candidate,NA,NA,NA,29854292,breast_cancer
TRPM3,Candidate,NA,NA,NA,"20399149, 27311963","glioblastoma, pan-cancer_adult"
LRRTM4,Candidate,NA,NA,NA,18772397,pancreatic_ductal_adenocarcinoma
ADAMTS20,Candidate,NA,NA,NA,18772397,pancreatic_ductal_adenocarcinoma
MAP3K19,Candidate,NA,NA,NA,28362259,pan-cancer_adult
VCPIP1,Candidate,NA,NA,NA,28362259,pan-cancer_adult
THOC7,Candidate,NA,NA,NA,29617667,pan-cancer_adult
ZC3H12A,Candidate,NA,NA,NA,29625053,pan-cancer_adult
CWH43,Candidate,NA,NA,NA,28467829,melanoma
TEDC2,Candidate,NA,NA,NA,"28467829, 28362259, 27311963","melanoma, pan-cancer_adult, pan-cancer_adult"
FBXO11,TSG,TSG,NA,NA,"28256603, 14993899, 29489754, 29354286, 30926794, 31558468, 31558468, 23143595",NA
CHD9,Candidate,NA,NA,NA,27009842,neuroblastoma
PROSER1,Candidate,NA,NA,NA,25501392,pan-cancer_adult
ALPK1,Candidate,NA,NA,NA,31101826,"cylindroma, spiradenocarcinoma, spiradenoma"
COQ10B,Candidate,NA,NA,NA,27311963,pan-cancer_adult
PAAF1,Candidate,NA,NA,NA,28362259,pan-cancer_adult
RUFY1,Candidate,NA,NA,NA,"27149842, 21798893","colorectal_adenocarcinoma, squamous_head_and_neck_cancer"
PREX2,OCG,oncogene,NA,NA,"22622578, 14993899, 18772397, 29945994, 27311963, 27135926, 25719666",NA
EFHD1,Candidate,NA,NA,NA,27311963,pan-cancer_adult
SPHKAP,Candidate,NA,NA,NA,22941188,small_cell_lung_cancer
TET1,Candidate,"oncogene, TSG, fusion",NA,NA,"23263491, 22976956, 14993899, 24952746",NA
EPC1,Candidate,NA,NA,NA,23103869,pancreatic_ductal_adenocarcinoma
CPEB4,Candidate,NA,NA,NA,30606723,"dlblc, follicular_lymphoma"
ZKSCAN3,Candidate,NA,NA,NA,31954095,pan-cancer_adult
CXXC4,Candidate,NA,NA,NA,27311963,pan-cancer_adult
PABPC1L,Candidate,NA,NA,NA,27149842,colorectal_adenocarcinoma
TRAF3IP3,Candidate,NA,NA,NA,28362259,pan-cancer_adult
PDCD1LG2,OCG,"oncogene, fusion",NA,NA,14993899,NA
SLC35G2,Candidate,NA,NA,NA,27311963,pan-cancer_adult
THSD7B,Candidate,NA,NA,NA,"22610119, 24816253","prostate_cancer, gastric_adenocarcinoma"
VWA7,Candidate,NA,NA,NA,23143597,burkitt lymphoma
LIMD2,Candidate,NA,NA,NA,27311963,pan-cancer_adult
ASXL3,Candidate,NA,NA,NA,"26192917, 27311963","natural_killer/T_cell_lymphoma, pan-cancer_adult"
DUSP16,Candidate,NA,NA,NA,"27149842, 27311963","colorectal_adenocarcinoma, pan-cancer_adult"
ZFP91,Candidate,NA,NA,NA,25501392,pan-cancer_adult
SETD7,Candidate,NA,NA,NA,27311963,pan-cancer_adult
PRRT1,Candidate,NA,NA,NA,27311963,pan-cancer_adult
WNT5B,Candidate,NA,NA,NA,"28362259, 26258846","pan-cancer_adult, biliary_tract_cancer"
OR4C15,Candidate,NA,NA,NA,"21798893, 22484628","squamous_head_and_neck_cancer, gastric_adenocarcinoma"
DCSTAMP,Candidate,NA,NA,NA,18772397,pancreatic_ductal_adenocarcinoma
HM13,Candidate,NA,NA,NA,27311963,pan-cancer_adult
FAM117A,Candidate,NA,NA,NA,22158541,chronic_lymphocytic_leukemia
NDEL1,Candidate,NA,NA,NA,27311963,pan-cancer_adult
COL21A1,Candidate,NA,NA,NA,28362259,pan-cancer_adult
NIPA2,Candidate,NA,NA,NA,22610119,prostate_cancer
C6orf62,Candidate,NA,NA,NA,28362259,pan-cancer_adult
DOCK8,Candidate,NA,NA,NA,26121086,neuroblastoma
ADAMTS12,Candidate,NA,NA,NA,21798893,squamous_head_and_neck_cancer
NETO2,Candidate,NA,NA,NA,21798893,squamous_head_and_neck_cancer
VANGL1,Candidate,NA,NA,NA,"27058444, 23202128","esophageal_squamous_carcinoma, neuroblastoma"
SLIRP,Candidate,NA,NA,NA,27311963,pan-cancer_adult
ELOVL3,Candidate,NA,NA,NA,28362259,pan-cancer_adult
FCRL4,OCG,"oncogene, fusion",NA,NA,14993899,NA
TCF7L1,Candidate,NA,NA,NA,27311963,pan-cancer_adult
GLT8D2,Candidate,NA,NA,NA,26824661,pan-glioma
EPPK1,Candidate,NA,NA,NA,"29854292, 24132290, 31558468","breast_cancer, pan-cancer_adult, burkitt lymphoma"
BCL2L12,OCG,oncogene,NA,NA,14993899,NA
FAM167A,Candidate,NA,NA,NA,30606723,"dlblc, follicular_lymphoma"
SESN2,Candidate,NA,NA,NA,28362259,pan-cancer_adult
CRISPLD1,Candidate,NA,NA,NA,30718927,esophageal_adenocarcinoma
TLCD3B,Candidate,NA,NA,NA,27311963,pan-cancer_adult
ITCH,Candidate,NA,NA,NA,20668451,breast_cancer
TFAP2D,Candidate,NA,NA,NA,22941188,small_cell_lung_cancer
FRMD8,Candidate,NA,NA,NA,30606723,"dlblc, follicular_lymphoma"
ATAD3B,Candidate,NA,NA,NA,27311963,pan-cancer_adult
HMCN1,Candidate,NA,NA,NA,"26824661, 24185513, 29354286, 27058444, 22158541, 28551381, 22156295","pan-glioma, cholangiocarcinoma, pan-cancer_adult, esophageal_squamous_carcinoma, chronic_lymphocytic_leukemia, colorectal_adenocarcinoma, pancreatic_ductal_adenocarcinoma"
SNX25,Candidate,NA,NA,NA,24390350,pan-cancer_adult
IMMP2L,Candidate,NA,NA,NA,30606723,"dlblc, follicular_lymphoma"
FAM234A,Candidate,NA,NA,NA,27311963,pan-cancer_adult
BRIP1,TSG,TSG,NA,NA,"14993899, 26099045",NA
KREMEN1,Candidate,NA,NA,NA,20668451,ovarian_cancer
TMPRSS13,Candidate,NA,NA,NA,"28249600, 26790612","acute_myeloid_leukemia, squamous_head_and_neck_cancer"
OBSCN,Candidate,NA,NA,NA,"27311963, 28551381","pan-cancer_adult, colorectal_adenocarcinoma"
ADGRV1,Candidate,NA,NA,NA,"24700472, 27236916","adrenocortical_adenoma, papillary_thyroid_cancer"
HORMAD1,Candidate,NA,NA,NA,24476821,bladder_cancer
FSCB,Candidate,NA,NA,NA,22037554,gastric_adenocarcinoma
TKTL2,Candidate,NA,NA,NA,22941188,small_cell_lung_cancer
NSRP1,Candidate,NA,NA,NA,29617667,pan-cancer_adult
ZRANB3,Candidate,NA,NA,NA,24390350,pan-cancer_adult
USP44,TSG,TSG,NA,NA,14993899,NA
ZIC4,Candidate,NA,NA,NA,24816253,gastric_adenocarcinoma
LRRIQ1,Candidate,NA,NA,NA,24185513,cholangiocarcinoma
WDR75,Candidate,NA,NA,NA,22156295,pancreatic_ductal_adenocarcinoma
ZNRF3,TSG,TSG,NA,NA,"24747642, 14993899, 27311963, 26000489",NA
SLC7A6OS,Candidate,NA,NA,NA,27325650,penile_squamous_cancer
ARID5B,Candidate,NA,NA,NA,"29625053, 29622464, 23636398, 30606723, 27348297, 24132290, 24390350","pan-cancer_adult, pan-gynecological and breast, endometrial_cancer, dlblc, follicular_lymphoma, endometrial_cancer, pan-cancer_adult, pan-cancer_adult"
ASCC2,Candidate,NA,NA,NA,27311963,pan-cancer_adult
NLRC5,Candidate,NA,NA,NA,28098136,nasopharyngeal_carcinoma
CHD6,Candidate,NA,NA,NA,"21822268, 24121792, 29354286, 25501392, 26625313","bladder_cancer, bladder_cancer, pan-cancer_adult, pan-cancer_adult, bladder_cancer"
SLITRK6,Candidate,NA,NA,NA,"23792563, 30606723, 22343534","clear_cell_renal_cancer, dlblc, follicular_lymphoma, diffuse_large_B-cell_lymphoma"
CIAO2A,Candidate,NA,NA,NA,29854292,breast_cancer
WDR24,Candidate,NA,NA,NA,22158541,chronic_lymphocytic_leukemia
SPATC1L,Candidate,NA,NA,NA,28362259,pan-cancer_adult
IQCG,Candidate,NA,NA,NA,27325650,penile_squamous_cancer
TRAF7,TSG,TSG,TSG,NA,"23348505, 14993899, 25576899, 23539594",NA
ATP13A4,Candidate,NA,NA,NA,27311963,pan-cancer_adult
RTL6,Candidate,NA,NA,NA,27311963,pan-cancer_adult
FLYWCH1,Candidate,NA,NA,NA,27149842,colorectal_adenocarcinoma
RPAIN,Candidate,NA,NA,NA,27311963,pan-cancer_adult
POLDIP3,Candidate,NA,NA,NA,30606723,"dlblc, follicular_lymphoma"
PHF6,TSG,TSG,TSG,NA,"29625053, 23634996, 23263491, 14993899, 24132290, 24390350, 29489755, 26908133, 27311963, 27135926, 23539594, 22817890",NA
PDCD2L,Candidate,NA,NA,NA,24390350,pan-cancer_adult
CCDC77,Candidate,NA,NA,NA,28362259,pan-cancer_adult
METTL26,Candidate,NA,NA,NA,27311963,pan-cancer_adult
HVCN1,Candidate,NA,NA,NA,28064239,follicular_lymphoma
ELOF1,Candidate,NA,NA,NA,27311963,pan-cancer_adult
C15orf48,Candidate,NA,NA,NA,"26824661, 27311963","pan-glioma, pan-cancer_adult"
CARD11,OCG,oncogene,Oncogene,NA,"29625053, 14993899, 29489754, 22138691, 26437031, 28064239, 26466571, 24390350, 22343534, 21796119, 27311963, 24362818, 21804550, 26258847, 23539594",NA
ADGRA1,Candidate,NA,NA,NA,"18987736, 27311963","acute_myeloid_leukemia, pan-cancer_adult"
MAML2,OCG,"oncogene, fusion",NA,NA,"14993899, 26648538, 23583981",NA
DOT1L,Candidate,NA,NA,NA,"27158780, 24700472","lung_cancer_(all_histologies), adrenocortical_adenoma"
BRSK1,Candidate,NA,NA,NA,21804550,diffuse_large_B-cell_lymphoma
ABLIM2,Candidate,NA,NA,NA,18772397,pancreatic_ductal_adenocarcinoma
MAP3K21,Candidate,NA,NA,NA,27311963,pan-cancer_adult
NEURL4,Candidate,NA,NA,NA,23583981,paediatric_low_grade_glioma
FBN3,Candidate,NA,NA,NA,29622466,pan-gastric
MCHR2,Candidate,NA,NA,NA,20668451,lung_cancer_(all_histologies)
KBTBD8,Candidate,NA,NA,NA,28467829,melanoma
COL25A1,Candidate,NA,NA,NA,22158541,chronic_lymphocytic_leukemia
PARD6B,Candidate,NA,NA,NA,24120142,glioblastoma
ST6GAL2,Candidate,NA,NA,NA,18772397,pancreatic_ductal_adenocarcinoma
ZNF469,Candidate,NA,NA,NA,25351205,clear_cell_renal_cancer
TNRC18,Candidate,NA,NA,NA,27311963,pan-cancer_adult
SLITRK2,Candidate,NA,NA,NA,29354286,pan-cancer_adult
GPR174,Candidate,NA,NA,NA,21798893,squamous_head_and_neck_cancer
KIF2B,Candidate,NA,NA,NA,22895193,colorectal_adenocarcinoma
GLYR1,Candidate,NA,NA,NA,26790612,squamous_head_and_neck_cancer
GLIS2,Candidate,NA,NA,NA,29489755,pan-cancer_paediatric
CARD6,Candidate,NA,NA,NA,24120142,glioblastoma
KDM2B,Candidate,NA,NA,NA,21804550,diffuse_large_B-cell_lymphoma
PPP1R9B,Candidate,NA,NA,NA,"28362259, 27311963, 28988769","pan-cancer_adult, pan-cancer_adult, bladder_cancer"
CREB3L3,Candidate,NA,NA,NA,"29625053, 28622513","pan-cancer_adult, hepatocellular_carcinoma"
MYO18B,Candidate,NA,NA,NA,"28551381, 24952744","colorectal_adenocarcinoma, esophageal_adenocarcinoma"
PLEKHA8,Candidate,NA,NA,NA,25501392,pan-cancer_adult
PRRC2B,Candidate,NA,NA,NA,27311963,pan-cancer_adult
TRIM51,Candidate,NA,NA,NA,24120142,glioblastoma
TUBA1C,Candidate,NA,NA,NA,27311963,pan-cancer_adult
PERM1,Candidate,NA,NA,NA,22895193,colorectal_adenocarcinoma
PHF5A,Candidate,NA,NA,NA,29617667,pan-cancer_adult
ZNF503,Candidate,NA,NA,NA,32024818,pan-cancer_adult
RSPO3,OCG,"oncogene, fusion",NA,NA,14993899,NA
FBH1,Candidate,NA,NA,NA,"28362259, 27311963","pan-cancer_adult, pan-cancer_adult"
FIZ1,Candidate,NA,NA,NA,28467829,melanoma
TNS4,Candidate,NA,NA,NA,29622466,pan-gastric
MICALCL,Candidate,NA,NA,NA,"26947078, 24390350","renal_cancer_(all_histologies), pan-cancer_adult"
SYTL1,Candidate,NA,NA,NA,27311963,pan-cancer_adult
AJUBA,Candidate,NA,NA,NA,"29625053, 25631445, 28548104, 25151357, 24132290, 24390350, 27311963","pan-cancer_adult, squamous_head_and_neck_cancer, esophageal_squamous_carcinoma, esophageal_squamous_carcinoma, pan-cancer_adult, pan-cancer_adult, pan-cancer_adult"
ALKBH6,Candidate,NA,NA,NA,24390350,pan-cancer_adult
DISP1,Candidate,NA,NA,NA,30606723,"dlblc, follicular_lymphoma"
CEP19,Candidate,NA,NA,NA,27311963,pan-cancer_adult
PIGY,Candidate,NA,NA,NA,27135926,breast_cancer
TMEM128,Candidate,NA,NA,NA,28362259,pan-cancer_adult
H2BC12,Candidate,NA,NA,NA,"28064239, 31444325, 31558468, 31558468","follicular_lymphoma, multiple_myeloma, burkitt lymphoma, burkitt lymphoma"
KRTAP4-5,Candidate,NA,NA,NA,28249600,acute_myeloid_leukemia
KRTAP4-3,Candidate,NA,NA,NA,"26941397, 29590631","papillary_thyroid_cancer, meningioma"
FBF1,Candidate,NA,NA,NA,"29625053, 28297679, 22634756, 27064257, 27064257, 29354286, 32025015, 32025015, 25822088, 32024818, 28622513","pan-cancer_adult, cholangiocarcinoma, hepatocellular_carcinoma, hepatocellular_carcinoma, cholangiocarcinoma, hepatocellular_carcinoma, cholangiocarcinoma, pan-cancer_adult, pan-cancer_adult, pan-cancer_adult, hepatocellular_carcinoma, pan-cancer_adult, hepatocellular_carcinoma"
PPIL4,Candidate,NA,NA,NA,29617667,pan-cancer_adult
BAGE2,Candidate,NA,NA,NA,29354286,pan-cancer_adult
TUBGCP6,Candidate,NA,NA,NA,25730765,acute_lymphocytic_leukemia
RHPN2,Candidate,NA,NA,NA,"26941397, 26941397","papillary_thyroid_cancer, papillary_thyroid_cancer"
ZIC5,Candidate,NA,NA,NA,27311963,pan-cancer_adult
ZCRB1,Candidate,NA,NA,NA,29617667,pan-cancer_adult
HELZ2,Candidate,NA,NA,NA,23583981,paediatric_low_grade_glioma
KNDC1,Candidate,NA,NA,NA,18987736,acute_myeloid_leukemia
CFAP74,Candidate,NA,NA,NA,22156295,pancreatic_ductal_adenocarcinoma
DISP2,Candidate,NA,NA,NA,26909576,pancreatic_cancer_(all_histologies)
CIPC,Candidate,NA,NA,NA,28362259,pan-cancer_adult
SCIN,Candidate,NA,NA,NA,30606723,"dlblc, follicular_lymphoma"
ANKRD13A,Candidate,NA,NA,NA,27311963,pan-cancer_adult
"NAV3",Candidate,NA,NA,NA,"30718927, 22138691, 24132290, 27009842, 26503331, 21798893","esophageal_adenocarcinoma, clear_cell_renal_cancer, pan-cancer_adult, neuroblastoma, lung_squamous_cell_carcinoma, squamous_head_and_neck_cancer"
"NAV1",Candidate,NA,NA,NA,27009842,neuroblastoma
KLHL6,Candidate,NA,NA,NA,"22343534, 28479318, 31444325, 21796119, 27311963, 24362818, 21642962","diffuse_large_B-cell_lymphoma, cutaneous_DLBCL, multiple_myeloma, non-Hodgkin_lymphoma, pan-cancer_adult, follicular_lymphoma, chronic_lymphocytic_leukemia"
TMEM116,Candidate,NA,NA,NA,29354286,pan-cancer_adult
PAPLN,Candidate,NA,NA,NA,27325650,penile_squamous_cancer
CCDC120,Candidate,NA,NA,NA,24390350,pan-cancer_adult
TSPAN18,Candidate,NA,NA,NA,30755618,bladder_cancer
FRMD7,Candidate,NA,NA,NA,"24120142, 24390350","glioblastoma, pan-cancer_adult"
CEACAM21,Candidate,NA,NA,NA,27311963,pan-cancer_adult
DCAF15,Candidate,NA,NA,NA,27311963,pan-cancer_adult
KNSTRN,OCG,oncogene,NA,NA,"26950094, 26091043, 14993899",NA
ERI1,Candidate,NA,NA,NA,30606723,"dlblc, follicular_lymphoma"
SHF,Candidate,NA,NA,NA,31954095,pan-cancer_adult
ZNF479,Candidate,NA,NA,NA,"14993899, 27687306",NA
ZNF697,Candidate,NA,NA,NA,27311963,pan-cancer_adult
CREB3L1,TSG,"TSG, fusion",NA,NA,14993899,NA
FMNL3,Candidate,NA,NA,NA,18772397,pancreatic_ductal_adenocarcinoma
IGFN1,Candidate,NA,NA,NA,24952746,nasopharyngeal_carcinoma
NUP210L,Candidate,NA,NA,NA,"26824661, 24390350","pan-glioma, pan-cancer_adult"
BOD1,Candidate,NA,NA,NA,30606723,"dlblc, follicular_lymphoma"
R3HDM4,Candidate,NA,NA,NA,27064257,"hepatocellular_carcinoma, cholangiocarcinoma"
DDX60L,Candidate,NA,NA,NA,26192917,natural_killer/T_cell_lymphoma
RNF185,Candidate,NA,NA,NA,"28467829, 28362259","melanoma, pan-cancer_adult"
ISX,Candidate,NA,NA,NA,14993899,NA
PCED1B,Candidate,NA,NA,NA,26091043,melanoma
ZNF830,Candidate,NA,NA,NA,22343534,diffuse_large_B-cell_lymphoma
BOC,Candidate,NA,NA,NA,25501392,pan-cancer_adult
ZNF765,Candidate,NA,NA,NA,"25401301, 28479318","non-clear_cell_renal_cancer, cutaneous_DLBCL"
LONRF1,Candidate,NA,NA,NA,27311963,pan-cancer_adult
ZNF804A,Candidate,NA,NA,NA,22138691,clear_cell_renal_cancer
CABLES1,Candidate,NA,NA,NA,25501392,pan-cancer_adult
MYOZ3,Candidate,NA,NA,NA,27064257,"hepatocellular_carcinoma, cholangiocarcinoma"
CCNQ,Candidate,NA,NA,NA,"26091043, 29617667","melanoma, pan-cancer_adult"
INTS4,Candidate,NA,NA,NA,29617667,pan-cancer_adult
OXNAD1,Candidate,NA,NA,NA,28362259,pan-cancer_adult
DSEL,Candidate,NA,NA,NA,27311963,pan-cancer_adult
CDHR1,Candidate,NA,NA,NA,26998897,duodenal_adenocarcinoma
TMEM132C,Candidate,NA,NA,NA,29354286,pan-cancer_adult
STRADA,Candidate,NA,NA,NA,25501392,pan-cancer_adult
SPECC1,Candidate,NA,NA,NA,21804550,diffuse_large_B-cell_lymphoma
ATXN3L,Candidate,NA,NA,NA,20668451,lung_cancer_(all_histologies)
FANK1,Candidate,NA,NA,NA,"26941397, 26941397","papillary_thyroid_cancer, papillary_thyroid_cancer"
MOB1B,Candidate,NA,NA,NA,30606723,"dlblc, follicular_lymphoma"
DNER,Candidate,NA,NA,NA,"20668451, 24390350, 27311963","lung_cancer_(all_histologies), pan-cancer_adult, pan-cancer_adult"
BPIFB1,Candidate,NA,NA,NA,29489754,pan-cancer_paediatric
SHKBP1,Candidate,NA,NA,NA,"21339757, 28112728","acute_myeloid_leukemia, cervical_cancer_(all_histologies)"
IMP4,Candidate,NA,NA,NA,18772396,glioblastoma
CCDC102A,Candidate,NA,NA,NA,28551381,colorectal_adenocarcinoma
PKHD1L1,Candidate,NA,NA,NA,21798893,squamous_head_and_neck_cancer
OPALIN,Candidate,NA,NA,NA,30718927,esophageal_adenocarcinoma
TPTE2,Candidate,NA,NA,NA,"24120142, 26824661, 27149842, 28064239, 27311963","glioblastoma, pan-glioma, colorectal_adenocarcinoma, follicular_lymphoma, pan-cancer_adult"
MYOCD,Candidate,NA,NA,NA,24390350,pan-cancer_adult
CGB5,Candidate,NA,NA,NA,28362259,pan-cancer_adult
FOXP2,Candidate,NA,NA,NA,"29354286, 27311963","pan-cancer_adult, pan-cancer_adult"
MUC16,Candidate,NA,NA,NA,"20668451, 26121086, 28551381","lung_cancer_(all_histologies), neuroblastoma, colorectal_adenocarcinoma"
RP1L1,Candidate,NA,NA,NA,"28622513, 25855536","hepatocellular_carcinoma, pancreatic_ductal_adenocarcinoma"
FOXQ1,Candidate,NA,NA,NA,"29625053, 24476821, 24390350, 27311963","pan-cancer_adult, bladder_cancer, pan-cancer_adult, pan-cancer_adult"
H2AZ2,Candidate,NA,NA,NA,25609015,testicular_germ_cell_cancer
TP53INP1,Candidate,NA,NA,NA,25501392,pan-cancer_adult
TGS1,Candidate,NA,NA,NA,28467829,melanoma
AHNAK2,Candidate,NA,NA,NA,27313181,mucinous_gastric_cancer
PIK3IP1,Candidate,NA,NA,NA,23619167,squamous_head_and_neck_cancer
BUD23,Candidate,NA,NA,NA,28362259,pan-cancer_adult
SLC2A13,Candidate,NA,NA,NA,21798893,squamous_head_and_neck_cancer
CGB2,Candidate,NA,NA,NA,28362259,pan-cancer_adult
NLRP3,Candidate,NA,NA,NA,"20668451, 26503331","lung_cancer_(all_histologies), lung_squamous_cell_carcinoma"
PKD1L2,Candidate,NA,NA,NA,22817890,acute_myeloid_leukemia
CSMD2,Candidate,NA,NA,NA,28452984,chronic_myeloid_leukemia
MBD6,Candidate,NA,NA,NA,"30718927, 27311963, 27311963","esophageal_adenocarcinoma, pan-cancer_adult, pan-cancer_adult"
GPRIN1,Candidate,NA,NA,NA,28249600,acute_myeloid_leukemia
CSMD3,Candidate,NA,NA,NA,"26934577, 21720365, 23636398, 30606723, 22138691, 24121792, 29354286, 22922871, 30132154, 22510280, 27058444, 22158541, 25351205, 21798893, 28551381, 22484628","oral_squamous_cell_carcinoma, ovarian_cancer, endometrial_cancer, dlblc, follicular_lymphoma, clear_cell_renal_cancer, bladder_cancer, pan-cancer_adult, hepatocellular_carcinoma, gastric_cancer, non-small_cell_lung_cancer, esophageal_squamous_carcinoma, chronic_lymphocytic_leukemia, clear_cell_renal_cancer, squamous_head_and_neck_cancer, colorectal_adenocarcinoma, gastric_adenocarcinoma"
STK11IP,Candidate,NA,NA,NA,25501392,pan-cancer_adult
TMEM132B,Candidate,NA,NA,NA,21499247,melanoma
GALNT13,Candidate,NA,NA,NA,18772397,pancreatic_ductal_adenocarcinoma
SORCS1,Candidate,NA,NA,NA,22156295,pancreatic_ductal_adenocarcinoma
OSBPL8,Candidate,NA,NA,NA,27311963,pan-cancer_adult
C1QTNF1,Candidate,NA,NA,NA,28362259,pan-cancer_adult
FBXO32,Candidate,NA,NA,NA,20668451,breast_cancer
CCDC124,Candidate,NA,NA,NA,28362259,pan-cancer_adult
OMA1,Candidate,NA,NA,NA,24390350,pan-cancer_adult
RAB42,Candidate,NA,NA,NA,26451490,breast_cancer
PCMTD1,Candidate,NA,NA,NA,28362259,pan-cancer_adult
FCRL1,Candidate,NA,NA,NA,25362482,hepatocellular_carcinoma
MALSU1,Candidate,NA,NA,NA,28362259,pan-cancer_adult
ARHGEF25,Candidate,NA,NA,NA,27311963,pan-cancer_adult
ALPK2,Candidate,NA,NA,NA,"27348297, 24390350, 31558468","endometrial_cancer, pan-cancer_adult, burkitt lymphoma"
DHRS1,Candidate,NA,NA,NA,28362259,pan-cancer_adult
RMI2,TSG,"TSG, fusion",NA,NA,14993899,NA
OSR2,Candidate,NA,NA,NA,29854292,breast_cancer
ABHD15,Candidate,NA,NA,NA,27311963,pan-cancer_adult
ACSM1,Candidate,NA,NA,NA,22156295,pancreatic_ductal_adenocarcinoma
TM4SF18,Candidate,NA,NA,NA,"26790612, 28362259","squamous_head_and_neck_cancer, pan-cancer_adult"
MAS1L,Candidate,NA,NA,NA,20668451,ovarian_cancer
MED12L,Candidate,NA,NA,NA,"28098136, 21804550","nasopharyngeal_carcinoma, diffuse_large_B-cell_lymphoma"
DACH2,Candidate,NA,NA,NA,18772397,pancreatic_ductal_adenocarcinoma
UBE2J2,Candidate,NA,NA,NA,27311963,pan-cancer_adult
OLFM3,Candidate,NA,NA,NA,27311963,pan-cancer_adult
CFAP70,Candidate,NA,NA,NA,22343534,diffuse_large_B-cell_lymphoma
C10orf90,Candidate,NA,NA,NA,29354286,pan-cancer_adult
PIK3AP1,Candidate,NA,NA,NA,"21798897, 29854292, 23619167","squamous_head_and_neck_cancer, breast_cancer, squamous_head_and_neck_cancer"
FRA10AC1,Candidate,NA,NA,NA,29617667,pan-cancer_adult
PNLIPRP3,Candidate,NA,NA,NA,24952744,esophageal_adenocarcinoma
SFXN4,Candidate,NA,NA,NA,22156295,pancreatic_ductal_adenocarcinoma
CPXM2,Candidate,NA,NA,NA,27311963,pan-cancer_adult
OR51F2,Candidate,NA,NA,NA,28362259,pan-cancer_adult
FAT3,Candidate,NA,NA,NA,"21720365, 23636398, 14993899, 29354286, 30132154, 24952746, 28352668, 22158541, 25351205, 28452984",NA
OR2D2,Candidate,NA,NA,NA,26451490,breast_cancer
DEPDC4,Candidate,NA,NA,NA,28362259,pan-cancer_adult
LRRK2,Candidate,NA,NA,NA,"30718927, 22138691, 28296713, 24132290","esophageal_adenocarcinoma, clear_cell_renal_cancer, mucosal_melanoma, pan-cancer_adult"
CCDC38,Candidate,NA,NA,NA,27311963,pan-cancer_adult
LRIG3,TSG,"TSG, fusion",NA,NA,14993899,NA
TMEM132D,Candidate,NA,NA,NA,"22941188, 22941189","small_cell_lung_cancer, small_cell_lung_cancer"
OR10A7,Candidate,NA,NA,NA,22895193,colorectal_adenocarcinoma
BTBD11,Candidate,NA,NA,NA,27311963,pan-cancer_adult
ANO4,Candidate,NA,NA,NA,21798893,squamous_head_and_neck_cancer
RNASE11,Candidate,NA,NA,NA,29354286,pan-cancer_adult
OR4K14,Candidate,NA,NA,NA,21499247,melanoma
OR4L1,Candidate,NA,NA,NA,22156295,pancreatic_ductal_adenocarcinoma
ISCA2,Candidate,NA,NA,NA,28362259,pan-cancer_adult
DNAAF1,Candidate,NA,NA,NA,27311963,pan-cancer_adult
ACSM2A,Candidate,NA,NA,NA,26608593,diffuse_large_B-cell_lymphoma
ZC3H18,Candidate,NA,NA,NA,"27311963, 29617667","pan-cancer_adult, pan-cancer_adult"
SEPTIN12,Candidate,NA,NA,NA,24390350,pan-cancer_adult
METTL23,Candidate,NA,NA,NA,27311963,pan-cancer_adult
MSI2,OCG,"oncogene, fusion",NA,NA,14993899,NA
ZPBP2,Candidate,NA,NA,NA,30606723,"dlblc, follicular_lymphoma"
AFMID,Candidate,NA,NA,NA,27348297,endometrial_cancer
KRT222,Candidate,NA,NA,NA,"29625053, 27311963","pan-cancer_adult, pan-cancer_adult"
ZSWIM7,Candidate,NA,NA,NA,27311963,pan-cancer_adult
LOXHD1,Candidate,NA,NA,NA,26806338,ampullary_adenocarcinoma
RAVER1,Candidate,NA,NA,NA,27311963,pan-cancer_adult
OR1M1,Candidate,NA,NA,NA,"28362259, 21499247","pan-cancer_adult, melanoma"
NLRP5,Candidate,NA,NA,NA,24120142,glioblastoma
WTIP,Candidate,NA,NA,NA,27311963,pan-cancer_adult
CYP4F22,Candidate,NA,NA,NA,"23143597, 27311963","burkitt lymphoma, pan-cancer_adult"
RINL,Candidate,NA,NA,NA,27311963,pan-cancer_adult
C2CD4C,Candidate,NA,NA,NA,25401301,non-clear_cell_renal_cancer
TDRD10,Candidate,NA,NA,NA,24390350,pan-cancer_adult
SHE,Candidate,NA,NA,NA,27311963,pan-cancer_adult
B3GALT6,Candidate,NA,NA,NA,27311963,pan-cancer_adult
SLC44A3,Candidate,NA,NA,NA,24390350,pan-cancer_adult
C1orf194,Candidate,NA,NA,NA,28362259,pan-cancer_adult
LRRIQ3,Candidate,NA,NA,NA,"27687306, 22343534","lung_adenocarcinoma, diffuse_large_B-cell_lymphoma"
TPRG1L,Candidate,NA,NA,NA,27311963,pan-cancer_adult
MYOM3,Candidate,NA,NA,NA,22156295,pancreatic_ductal_adenocarcinoma
DNAH14,Candidate,NA,NA,NA,26121086,neuroblastoma
WDR64,Candidate,NA,NA,NA,29489754,pan-cancer_paediatric
VSTM2L,Candidate,NA,NA,NA,27311963,pan-cancer_adult
TSHZ2,Candidate,NA,NA,NA,24132290,pan-cancer_adult
ZNF831,Candidate,NA,NA,NA,21499247,melanoma
SIRPD,Candidate,NA,NA,NA,28362259,pan-cancer_adult
PROKR2,Candidate,NA,NA,NA,21798893,squamous_head_and_neck_cancer
XIRP2,Candidate,NA,NA,NA,"29354286, 24390350, 22561520","pan-cancer_adult, pan-cancer_adult, cholangiocarcinoma"
DIS3L2,Candidate,NA,NA,NA,27311963,pan-cancer_adult
MBOAT2,Candidate,NA,NA,NA,27311963,pan-cancer_adult
UBR3,Candidate,NA,NA,NA,22634756,hepatocellular_carcinoma
COL6A6,Candidate,NA,NA,NA,27009842,neuroblastoma
TAMM41,Candidate,NA,NA,NA,27311963,pan-cancer_adult
H1-8,Candidate,NA,NA,NA,22343534,diffuse_large_B-cell_lymphoma
PABPC4L,Candidate,NA,NA,NA,"31558468, 31558468","burkitt lymphoma, burkitt lymphoma"
SPATA18,Candidate,NA,NA,NA,27687306,lung_adenocarcinoma
FAM241A,Candidate,NA,NA,NA,27311963,pan-cancer_adult
CPEB2,Candidate,NA,NA,NA,27311963,pan-cancer_adult
EVC2,Candidate,NA,NA,NA,22895193,colorectal_adenocarcinoma
OTOP1,Candidate,NA,NA,NA,"22634756, 29354286","hepatocellular_carcinoma, pan-cancer_adult"
POC5,Candidate,NA,NA,NA,29854292,breast_cancer
OR2F2,Candidate,NA,NA,NA,27311963,pan-cancer_adult
C7orf31,Candidate,NA,NA,NA,27149842,colorectal_adenocarcinoma
ASZ1,Candidate,NA,NA,NA,28362259,pan-cancer_adult
ZNF572,Candidate,NA,NA,NA,21798893,squamous_head_and_neck_cancer
TMEM71,Candidate,NA,NA,NA,27311963,pan-cancer_adult
SGCZ,Candidate,NA,NA,NA,28362259,pan-cancer_adult
PXDNL,Candidate,NA,NA,NA,31558468,burkitt lymphoma
GPAT4,Candidate,NA,NA,NA,24185513,cholangiocarcinoma
UNC5D,Candidate,NA,NA,NA,"22343534, 22158541","diffuse_large_B-cell_lymphoma, chronic_lymphocytic_leukemia"
DCAF4L2,Candidate,NA,NA,NA,23000897,breast_cancer
RALYL,Candidate,NA,NA,NA,29617667,pan-cancer_adult
C9orf85,Candidate,NA,NA,NA,27311963,pan-cancer_adult
TAF1L,Candidate,NA,NA,NA,24755198,melanoma
PTPDC1,Candidate,NA,NA,NA,29625053,pan-cancer_adult
OR13C4,Candidate,NA,NA,NA,27311963,pan-cancer_adult
MAGEC3,Candidate,NA,NA,NA,"23263491, 21804550","acute_lymphoblastic_leukemia, diffuse_large_B-cell_lymphoma"
PASD1,Candidate,NA,NA,NA,22343534,diffuse_large_B-cell_lymphoma
AMER1,TSG,TSG,TSG,NA,"29625053, 22810696, 14993899, 29945994, 29489755, 27311963, 28551381, 23539594",NA
ADGRG4,Candidate,NA,NA,NA,24185513,cholangiocarcinoma
FOXR2,Candidate,NA,NA,NA,24120142,glioblastoma
GAB3,Candidate,NA,NA,NA,27311963,pan-cancer_adult
RBMXL3,Candidate,NA,NA,NA,27313181,mucinous_gastric_cancer
MUC17,Candidate,NA,NA,NA,"26824661, 27064257, 27149842, 24390350","pan-glioma, hepatocellular_carcinoma, cholangiocarcinoma, colorectal_adenocarcinoma, pan-cancer_adult"
ASB9,Candidate,NA,NA,NA,27311963,pan-cancer_adult
CTCFL,Candidate,NA,NA,NA,27311963,pan-cancer_adult
MACROD2,Candidate,NA,NA,NA,27311963,pan-cancer_adult
ZSWIM3,Candidate,NA,NA,NA,22484628,gastric_adenocarcinoma
BANF2,Candidate,NA,NA,NA,25609015,testicular_germ_cell_cancer
"NANP",Candidate,NA,NA,NA,27311963,pan-cancer_adult
DEFB129,Candidate,NA,NA,NA,28362259,pan-cancer_adult
SIRPA,TSG,TSG,NA,NA,"14993899, 29489754",NA
RAB40A,Candidate,NA,NA,NA,24390350,pan-cancer_adult
ASB15,Candidate,NA,NA,NA,22138691,clear_cell_renal_cancer
FRMPD2,Candidate,NA,NA,NA,26451490,breast_cancer
OR52I2,Candidate,NA,NA,NA,27311963,pan-cancer_adult
GLIPR1L2,Candidate,NA,NA,NA,27311963,pan-cancer_adult
RFLNA,Candidate,NA,NA,NA,25501392,pan-cancer_adult
CFAP54,Candidate,NA,NA,NA,21499247,melanoma
A2ML1,Candidate,NA,NA,NA,29622466,pan-gastric
B3GLCT,Candidate,NA,NA,NA,27311963,pan-cancer_adult
SERPINA12,Candidate,NA,NA,NA,18772396,glioblastoma
LRFN5,Candidate,NA,NA,NA,"29354286, 18772397, 21798893","pan-cancer_adult, pancreatic_ductal_adenocarcinoma, squamous_head_and_neck_cancer"
TTBK2,Candidate,NA,NA,NA,29622466,pan-gastric
SLC38A8,Candidate,NA,NA,NA,22343534,diffuse_large_B-cell_lymphoma
MGAT5B,Candidate,NA,NA,NA,27311963,pan-cancer_adult
DNAH2,Candidate,NA,NA,NA,26648538,chronic_myelomonocytic_leukemia
PIK3R6,Candidate,NA,NA,NA,"23619167, 26258847","squamous_head_and_neck_cancer, cutaneous_T_cell_lymphoma"
ODF4,Candidate,NA,NA,NA,"24120142, 27311963","glioblastoma, pan-cancer_adult"
SLFN13,Candidate,NA,NA,NA,27311963,pan-cancer_adult
TMEM199,Candidate,NA,NA,NA,26451490,breast_cancer
WIPF2,Candidate,NA,NA,NA,21798893,squamous_head_and_neck_cancer
STARD6,Candidate,NA,NA,NA,27311963,pan-cancer_adult
DSG4,Candidate,NA,NA,NA,"27311963, 18772396","pan-cancer_adult, glioblastoma"
ZNF578,Candidate,NA,NA,NA,28362259,pan-cancer_adult
KASH5,Candidate,NA,NA,NA,29622466,pan-gastric
DPY19L3,Candidate,NA,NA,NA,26790612,squamous_head_and_neck_cancer
CILP2,Candidate,NA,NA,NA,29854292,breast_cancer
ZNF558,Candidate,NA,NA,NA,27311963,pan-cancer_adult
CREB3L4,Candidate,NA,NA,NA,27325650,penile_squamous_cancer
C1orf127,Candidate,NA,NA,NA,22622578,melanoma
PM20D1,Candidate,NA,NA,NA,"27064257, 22343534","hepatocellular_carcinoma, cholangiocarcinoma, diffuse_large_B-cell_lymphoma"
GCSAML,Candidate,NA,NA,NA,"24120142, 27311963","glioblastoma, pan-cancer_adult"
ZNF362,Candidate,NA,NA,NA,26451490,breast_cancer
FAM78B,Candidate,NA,NA,NA,29354286,pan-cancer_adult
SHISA4,Candidate,NA,NA,NA,27311963,pan-cancer_adult
EXOC8,Candidate,NA,NA,NA,22156295,pancreatic_ductal_adenocarcinoma
ADIG,Candidate,NA,NA,NA,27311963,pan-cancer_adult
CCT8L2,Candidate,NA,NA,NA,24185513,cholangiocarcinoma
FAM117B,Candidate,NA,NA,NA,29354286,pan-cancer_adult
PLB1,Candidate,NA,NA,NA,25079317,gastric_adenocarcinoma
C2CD6,Candidate,NA,NA,NA,27687306,lung_adenocarcinoma
FAHD2B,Candidate,NA,NA,NA,28362259,pan-cancer_adult
TTC14,Candidate,NA,NA,NA,29617667,pan-cancer_adult
PPM1L,Candidate,NA,NA,NA,20668451,breast_cancer
BTLA,Candidate,NA,NA,NA,"30606723, 24413735","dlblc, follicular_lymphoma, acute_lymphoblastic_leukemia"
MB21D2,Candidate,NA,NA,NA,28988769,bladder_cancer
GLIPR2,Candidate,NA,NA,NA,21499247,melanoma
SLC66A1L,Candidate,NA,NA,NA,29354286,pan-cancer_adult
ZCWPW2,Candidate,NA,NA,NA,27311963,pan-cancer_adult
CNTN4,Candidate,NA,NA,NA,26806338,ampullary_adenocarcinoma
ZNF595,Candidate,NA,NA,NA,22610119,prostate_cancer
TRMT44,Candidate,NA,NA,NA,27311963,pan-cancer_adult
DAB2IP,Candidate,NA,NA,NA,27311963,pan-cancer_adult
SNRNP48,Candidate,NA,NA,NA,29617667,pan-cancer_adult
RNF217,Candidate,NA,NA,NA,27311963,pan-cancer_adult
KHDC3L,Candidate,NA,NA,NA,27311963,pan-cancer_adult
ABCA13,Candidate,NA,NA,NA,28551381,colorectal_adenocarcinoma
AMOT,Candidate,NA,NA,NA,27311963,pan-cancer_adult
AMOTL1,Candidate,NA,NA,NA,"25501392, 27311963","pan-cancer_adult, pan-cancer_adult"
KCTD7,Candidate,NA,NA,NA,30755618,bladder_cancer
VPS13B,Candidate,NA,NA,NA,27087322,prostate_cancer
SLC7A13,Candidate,NA,NA,NA,22510280,non-small_cell_lung_cancer
KCNU1,Candidate,NA,NA,NA,23525077,esophageal_adenocarcinoma
AK8,Candidate,NA,NA,NA,29854292,breast_cancer
TRMT10B,Candidate,NA,NA,NA,27311963,pan-cancer_adult
ZNF483,Candidate,NA,NA,NA,24390350,pan-cancer_adult
PRUNE2,Candidate,NA,NA,NA,"24700472, 28352668","adrenocortical_adenoma, parathyroid_carcinoma"
FAAH2,Candidate,NA,NA,NA,"25401301, 21798893","non-clear_cell_renal_cancer, squamous_head_and_neck_cancer"
USP51,Candidate,NA,NA,NA,27311963,pan-cancer_adult
TCEAL6,Candidate,NA,NA,NA,27311963,pan-cancer_adult
SLC35G1,Candidate,NA,NA,NA,27311963,pan-cancer_adult
LDHAL6A,Candidate,NA,NA,NA,28362259,pan-cancer_adult
TMTC2,Candidate,NA,NA,NA,22158541,chronic_lymphocytic_leukemia
TMTC3,Candidate,NA,NA,NA,22156295,pancreatic_ductal_adenocarcinoma
CCDC63,Candidate,NA,NA,NA,21499247,melanoma
SYNE3,Candidate,NA,NA,NA,22610119,prostate_cancer
EML5,Candidate,NA,NA,NA,29854292,breast_cancer
OTUD7A,Candidate,NA,NA,NA,"24390350, 27311963","pan-cancer_adult, pan-cancer_adult"
SPRED1,Candidate,NA,NA,NA,31320640,mucosal_melanoma
FSIP1,Candidate,NA,NA,NA,26343386,desmoplastic_melanoma
ZFPM1,Candidate,NA,NA,NA,32024818,pan-cancer_adult
ZNF497,Candidate,NA,NA,NA,18772396,glioblastoma
ZNF296,Candidate,NA,NA,NA,27311963,pan-cancer_adult
TDRD5,Candidate,NA,NA,NA,29354286,pan-cancer_adult
TTLL9,Candidate,NA,NA,NA,24390350,pan-cancer_adult
TEX44,Candidate,NA,NA,NA,29854292,breast_cancer
FAM171B,Candidate,NA,NA,NA,27149842,colorectal_adenocarcinoma
C1QL2,Candidate,NA,NA,NA,21798893,squamous_head_and_neck_cancer
RNF168,Candidate,NA,NA,NA,"26824661, 27311963","pan-glioma, pan-cancer_adult"
PRICKLE2,Candidate,NA,NA,NA,29854292,breast_cancer
RASSF6,Candidate,NA,NA,NA,"18772397, 27311963","pancreatic_ductal_adenocarcinoma, pan-cancer_adult"
MIER3,Candidate,NA,NA,NA,22810696,colorectal_adenocarcinoma
C6orf118,Candidate,NA,NA,NA,23525077,esophageal_adenocarcinoma
GALNTL5,Candidate,NA,NA,NA,32025015,pan-cancer_adult
THAP5,Candidate,NA,NA,NA,30606723,"dlblc, follicular_lymphoma"
CNBD1,Candidate,NA,NA,NA,"29625053, 14993899, 24390350",NA
COL22A1,Candidate,NA,NA,NA,"26168399, 22941189, 21798893","small_cell_lung_cancer, small_cell_lung_cancer, squamous_head_and_neck_cancer"
SNX31,Candidate,NA,NA,NA,22817889,melanoma
TENT5D,Candidate,NA,NA,NA,"29625053, 25079317","pan-cancer_adult, gastric_adenocarcinoma"
ZCCHC12,Candidate,NA,NA,NA,"29625053, 26061751","pan-cancer_adult, low_grade_glioma"
DHX36,Candidate,NA,NA,NA,29617667,pan-cancer_adult
HTR3C,Candidate,NA,NA,NA,27149842,colorectal_adenocarcinoma
NUDT10,Candidate,NA,NA,NA,28467829,melanoma
ADAMTS17,Candidate,NA,NA,NA,"29354286, 26998897","pan-cancer_adult, duodenal_adenocarcinoma"
ADAMTS18,Candidate,NA,NA,NA,24755198,melanoma
ANKRD24,Candidate,NA,NA,NA,22817890,acute_myeloid_leukemia
ZNF384,Candidate,NA,NA,NA,29489755,pan-cancer_paediatric
ADAMTS19,Candidate,NA,NA,NA,27311963,pan-cancer_adult
ASXL1,TSG,TSG,TSG,NA,"29625053, 24633157, 27325650, 14993899, 27149842, 28667006, 24132290, 26466571, 24390350, 25501392, 29489755, 26648538, 26908133, 27311963, 24325359, 27135926, 22158541, 28988769, 22722201, 26457647, 28452984, 23539594, 22817890, 21909114",NA
CYS1,Candidate,NA,NA,NA,28467829,melanoma
AGO4,Candidate,NA,NA,NA,25079317,gastric_adenocarcinoma
CCER1,Candidate,NA,NA,NA,26121086,neuroblastoma
ARID2,TSG,TSG,TSG,TSG,"29625053, 23103869, 27158780, 26091043, 26824661, 23525077, 30718927, 22634756, 27064257, 27064257, 14993899, 26804919, 22561517, 28467829, 22817889, 22922871, 29945994, 28667006, 25790038, 26214590, 24390350, 25501392, 21822264, 29489755, 31444325, 27311963, 26258846, 32025015, 32494066, 25822088, 26343386, 22722201, 28622513, 25362482, 23539594, 26806338, 26099045, 26998897",NA
FAM227B,Candidate,NA,NA,NA,27311963,pan-cancer_adult
LCTL,Candidate,NA,NA,NA,24390350,pan-cancer_adult
UBR1,Candidate,NA,NA,NA,27149842,colorectal_adenocarcinoma
FCSK,Candidate,NA,NA,NA,22156295,pancreatic_ductal_adenocarcinoma
ZNF778,Candidate,NA,NA,NA,28467829,melanoma
WDR90,Candidate,NA,NA,NA,27311963,pan-cancer_adult
LCE4A,Candidate,NA,NA,NA,24120142,glioblastoma
FYB2,Candidate,NA,NA,NA,22484628,gastric_adenocarcinoma
TMEM201,Candidate,NA,NA,NA,27149842,colorectal_adenocarcinoma
CYP4Z1,Candidate,NA,NA,NA,27311963,pan-cancer_adult
C1orf100,Candidate,NA,NA,NA,27311963,pan-cancer_adult
SPAG17,Candidate,NA,NA,NA,22922871,hepatocellular_carcinoma
TET3,Candidate,NA,NA,NA,"24952746, 28452984","nasopharyngeal_carcinoma, chronic_myeloid_leukemia"
FLCN,TSG,TSG,NA,NA,"14993899, 25790038",NA
LYRM9,Candidate,NA,NA,NA,22941189,small_cell_lung_cancer
LRRC45,Candidate,NA,NA,NA,28362259,pan-cancer_adult
ZSCAN4,Candidate,NA,NA,NA,28362259,pan-cancer_adult
DNAH12,Candidate,NA,NA,NA,"24390350, 29622466","pan-cancer_adult, pan-gastric"
TIGIT,Candidate,NA,NA,NA,27311963,pan-cancer_adult
KHDRBS2,Candidate,NA,NA,NA,21499247,melanoma
CCDC107,Candidate,NA,NA,NA,"28362259, 31954095","pan-cancer_adult, pan-cancer_adult"
NRK,Candidate,NA,NA,NA,21798893,squamous_head_and_neck_cancer
INTS6L,Candidate,NA,NA,NA,29617667,pan-cancer_adult
VMA21,Candidate,NA,NA,NA,28064239,follicular_lymphoma
CERS3,Candidate,NA,NA,NA,27311963,pan-cancer_adult
SLC44A5,Candidate,NA,NA,NA,28362259,pan-cancer_adult
SAMD9L,Candidate,NA,NA,NA,22922871,hepatocellular_carcinoma
OR8K5,Candidate,NA,NA,NA,28362259,pan-cancer_adult
LRRC55,Candidate,NA,NA,NA,"24120142, 27311963","glioblastoma, pan-cancer_adult"
ZNF804B,Candidate,NA,NA,NA,21798893,squamous_head_and_neck_cancer
ZCCHC24,Candidate,NA,NA,NA,29854292,breast_cancer
TYSND1,Candidate,NA,NA,NA,22156295,pancreatic_ductal_adenocarcinoma
MRPL21,Candidate,NA,NA,NA,27311963,pan-cancer_adult
SPATA19,Candidate,NA,NA,NA,28362259,pan-cancer_adult
OR5B17,Candidate,NA,NA,NA,22941188,small_cell_lung_cancer
MPEG1,Candidate,NA,NA,NA,28479318,cutaneous_DLBCL
OOSP2,Candidate,NA,NA,NA,25730765,acute_lymphocytic_leukemia
DOK6,Candidate,NA,NA,NA,29354286,pan-cancer_adult
TIGD3,Candidate,NA,NA,NA,30606723,"dlblc, follicular_lymphoma"
HNRNPA3,Candidate,NA,NA,NA,27311963,pan-cancer_adult
RASGEF1A,Candidate,NA,NA,NA,21804550,diffuse_large_B-cell_lymphoma
JMJD1C,Candidate,NA,NA,NA,27311963,pan-cancer_adult
FAM171A1,Candidate,NA,NA,NA,25151357,esophageal_squamous_carcinoma
SLC39A12,Candidate,NA,NA,NA,23525077,esophageal_adenocarcinoma
NSUN6,Candidate,NA,NA,NA,28467829,melanoma
TBC1D32,Candidate,NA,NA,NA,18772396,glioblastoma
LEMD2,Candidate,NA,NA,NA,29625053,pan-cancer_adult
C6orf136,Candidate,NA,NA,NA,27149842,colorectal_adenocarcinoma
KDM1B,Candidate,NA,NA,NA,"25501392, 27311963","pan-cancer_adult, pan-cancer_adult"
SP8,Candidate,NA,NA,NA,29590631,meningioma
SDK1,Candidate,NA,NA,NA,27313181,mucinous_gastric_cancer
FOXK1,Candidate,NA,NA,NA,25501392,pan-cancer_adult
THSD7A,Candidate,NA,NA,NA,21798893,squamous_head_and_neck_cancer
RSBN1L,Candidate,NA,NA,NA,24390350,pan-cancer_adult
LRWD1,Candidate,NA,NA,NA,28362259,pan-cancer_adult
CDHR3,Candidate,NA,NA,NA,24120142,glioblastoma
RFX6,Candidate,NA,NA,NA,24120142,glioblastoma
SLC35F1,Candidate,NA,NA,NA,27311963,pan-cancer_adult
FAM83B,Candidate,NA,NA,NA,29354286,pan-cancer_adult
ADGRF2,Candidate,NA,NA,NA,27311963,pan-cancer_adult
SCUBE3,Candidate,NA,NA,NA,27058444,esophageal_squamous_carcinoma
FERD3L,Candidate,NA,NA,NA,29354286,pan-cancer_adult
ITPRID1,Candidate,NA,NA,NA,28064239,follicular_lymphoma
MS4A6E,Candidate,NA,NA,NA,30606723,"dlblc, follicular_lymphoma"
DEFB115,Candidate,NA,NA,NA,28064239,follicular_lymphoma
PELI3,Candidate,NA,NA,NA,28362259,pan-cancer_adult
HEPACAM2,Candidate,NA,NA,NA,27687306,lung_adenocarcinoma
SERHL2,Candidate,NA,NA,NA,"27348297, 27311963","endometrial_cancer, pan-cancer_adult"
RICTOR,Candidate,NA,NA,NA,23619167,squamous_head_and_neck_cancer
CADM2,Candidate,NA,NA,NA,27311963,pan-cancer_adult
ZNF620,Candidate,NA,NA,NA,24390350,pan-cancer_adult
ANKRD18A,Candidate,NA,NA,NA,28128360,pan-cancer_adult
MMS22L,Candidate,NA,NA,NA,25501392,pan-cancer_adult
ASPHD1,Candidate,NA,NA,NA,27311963,pan-cancer_adult
PHYHD1,Candidate,NA,NA,NA,27311963,pan-cancer_adult
VXN,Candidate,NA,NA,NA,21499247,melanoma
CBARP,Candidate,NA,NA,NA,21798893,squamous_head_and_neck_cancer
TXNDC8,Candidate,NA,NA,NA,24390350,pan-cancer_adult
TCP11L2,Candidate,NA,NA,NA,24390350,pan-cancer_adult
RASGEF1C,Candidate,NA,NA,NA,26608593,diffuse_large_B-cell_lymphoma
RNF144B,Candidate,NA,NA,NA,"31558468, 31558468","burkitt lymphoma, burkitt lymphoma"
NPNT,Candidate,NA,NA,NA,23792563,clear_cell_renal_cancer
PAN3,Candidate,NA,NA,NA,27149842,colorectal_adenocarcinoma
NUDT14,Candidate,NA,NA,NA,21798893,squamous_head_and_neck_cancer
LMNTD2,Candidate,NA,NA,NA,27311963,pan-cancer_adult
ST6GALNAC3,Candidate,NA,NA,NA,21499247,melanoma
NUTM1,OCG,"oncogene, fusion",NA,NA,14993899,NA
SHPRH,Candidate,NA,NA,NA,25501392,pan-cancer_adult
TAB3,Candidate,NA,NA,NA,"27348297, 27009842","endometrial_cancer, neuroblastoma"
ALS2CL,Candidate,NA,NA,NA,22158541,chronic_lymphocytic_leukemia
"NALCN",Candidate,NA,NA,NA,23103869,pancreatic_ductal_adenocarcinoma
ASPM,Candidate,NA,NA,NA,26168399,small_cell_lung_cancer
TAS2R43,Candidate,NA,NA,NA,29590631,meningioma
TAS2R46,Candidate,NA,NA,NA,29590631,meningioma
SLC25A45,Candidate,NA,NA,NA,"30606723, 31954095","dlblc, follicular_lymphoma, pan-cancer_adult"
BCL9L,Candidate,"oncogene, TSG",NA,NA,"14993899, 27149842, 29945994",NA
FOXR1,OCG,"oncogene, fusion",NA,NA,14993899,NA
OTOGL,Candidate,NA,NA,NA,22158541,chronic_lymphocytic_leukemia
CD163L1,Candidate,NA,NA,NA,22842228,melanoma
ADGRD1,Candidate,NA,NA,NA,"18772397, 27311963","pancreatic_ductal_adenocarcinoma, pan-cancer_adult"
MYO1H,Candidate,NA,NA,NA,29854292,breast_cancer
GXYLT1,Candidate,NA,NA,NA,"27325650, 22634756, 29590631","penile_squamous_cancer, hepatocellular_carcinoma, meningioma"
SLC24A5,Candidate,NA,NA,NA,28362259,pan-cancer_adult
PLA2G4D,Candidate,NA,NA,NA,29854292,breast_cancer
C16orf91,Candidate,NA,NA,NA,"28362259, 27311963","pan-cancer_adult, pan-cancer_adult"
KANSL1,Candidate,NA,NA,NA,"29625053, 27064257, 27311963, 32025015, 28988769","pan-cancer_adult, hepatocellular_carcinoma, cholangiocarcinoma, pan-cancer_adult, pan-cancer_adult, bladder_cancer"
GSDMA,Candidate,NA,NA,NA,30606723,"dlblc, follicular_lymphoma"
NDUFAF8,Candidate,NA,NA,NA,28362259,pan-cancer_adult
MAMSTR,Candidate,NA,NA,NA,26790612,squamous_head_and_neck_cancer
ZNF844,Candidate,NA,NA,NA,24120142,glioblastoma
WDR62,Candidate,NA,NA,NA,27311963,pan-cancer_adult
ODF3L2,Candidate,NA,NA,NA,27058444,esophageal_squamous_carcinoma
OR2L13,Candidate,NA,NA,NA,18772396,glioblastoma
SLC9C2,Candidate,NA,NA,NA,23636398,endometrial_cancer
C1orf185,Candidate,NA,NA,NA,28362259,pan-cancer_adult
SIRPB2,Candidate,NA,NA,NA,27009842,neuroblastoma
FAM126B,Candidate,NA,NA,NA,26824661,pan-glioma
UNC80,Candidate,NA,NA,NA,22158541,chronic_lymphocytic_leukemia
EPHA6,Candidate,NA,NA,NA,"27311963, 26939876, 26806338","pan-cancer_adult, triple_negative_breast_cancer, ampullary_adenocarcinoma"
IGSF10,Candidate,NA,NA,NA,"22634756, 22156295","hepatocellular_carcinoma, pancreatic_ductal_adenocarcinoma"
CCDC66,Candidate,NA,NA,NA,28362259,pan-cancer_adult
SLC9C1,Candidate,NA,NA,NA,30606723,"dlblc, follicular_lymphoma"
PRRT3,Candidate,NA,NA,NA,27311963,pan-cancer_adult
DPH3,Candidate,NA,NA,NA,28362259,pan-cancer_adult
TPRG1,Candidate,NA,NA,NA,30606723,"dlblc, follicular_lymphoma"
DTWD2,Candidate,NA,NA,NA,30606723,"dlblc, follicular_lymphoma"
NSMCE2,Candidate,NA,NA,NA,27064257,"hepatocellular_carcinoma, cholangiocarcinoma"
CFAP47,Candidate,NA,NA,NA,24120142,glioblastoma
FAM133A,Candidate,NA,NA,NA,"28479318, 22941188","cutaneous_DLBCL, small_cell_lung_cancer"
P2RY8,OCG,"oncogene, fusion",NA,NA,"14993899, 14993899, 29489754, 29489754, 20668451, 20668451, 22343534, 22343534, 27311963, 27311963",NA
VN1R2,Candidate,NA,NA,NA,27311963,pan-cancer_adult
VN1R4,Candidate,NA,NA,NA,"29354286, 21798893","pan-cancer_adult, squamous_head_and_neck_cancer"
KLHL10,Candidate,NA,NA,NA,28362259,pan-cancer_adult
DDX51,Candidate,NA,NA,NA,26928227,malignant pleural mesothelioma
MMAB,Candidate,NA,NA,NA,"26437031, 27135926","T-cell_leukemia/lymphoma, breast_cancer"
PPM1J,Candidate,NA,NA,NA,26824661,pan-glioma
UBAC2,Candidate,NA,NA,NA,28467829,melanoma
KRTAP13-3,Candidate,NA,NA,NA,25609015,testicular_germ_cell_cancer
KRTAP20-2,Candidate,NA,NA,NA,24120142,glioblastoma
S100A7A,Candidate,NA,NA,NA,28362259,pan-cancer_adult
TAS2R60,Candidate,NA,NA,NA,21499247,melanoma
LUZP2,Candidate,NA,NA,NA,22158541,chronic_lymphocytic_leukemia
VSX2,Candidate,NA,NA,NA,28362259,pan-cancer_adult
CIBAR2,Candidate,NA,NA,NA,22156295,pancreatic_ductal_adenocarcinoma
ZNF181,Candidate,NA,NA,NA,27311963,pan-cancer_adult
CLEC4G,Candidate,NA,NA,NA,27311963,pan-cancer_adult
KLHL17,Candidate,NA,NA,NA,27311963,pan-cancer_adult
BRINP3,Candidate,NA,NA,NA,"23634996, 29354286, 22895193","acute_myeloid_leukemia, pan-cancer_adult, colorectal_adenocarcinoma"
PRSS38,Candidate,NA,NA,NA,27064257,"hepatocellular_carcinoma, cholangiocarcinoma"
MROH2A,Candidate,NA,NA,NA,28362259,pan-cancer_adult
TMPRSS11A,Candidate,NA,NA,NA,22895193,colorectal_adenocarcinoma
LRRC66,Candidate,NA,NA,NA,29854292,breast_cancer
"NAT8L",Candidate,NA,NA,NA,27311963,pan-cancer_adult
UNCX,Candidate,NA,NA,NA,29625053,pan-cancer_adult
COL28A1,Candidate,NA,NA,NA,30606723,"dlblc, follicular_lymphoma"
ABCB5,Candidate,NA,NA,NA,"22980976, 31558468","non-small_cell_lung_cancer, burkitt lymphoma"
RSPO2,TSG,"TSG, fusion",NA,NA,"14993899, 26000489",NA
DCAF12L2,Candidate,NA,NA,NA,"24120142, 14993899",NA
"NANOS1",Candidate,NA,NA,NA,27311963,pan-cancer_adult
MALRD1,Candidate,NA,NA,NA,29489754,pan-cancer_paediatric
OVCH1,Candidate,NA,NA,NA,18772397,pancreatic_ductal_adenocarcinoma
SYT10,Candidate,NA,NA,NA,25151357,esophageal_squamous_carcinoma
ACSM4,Candidate,NA,NA,NA,28362259,pan-cancer_adult
FREM2,Candidate,NA,NA,NA,19657110,acute_myeloid_leukemia
TMC3,Candidate,NA,NA,NA,27311963,pan-cancer_adult
CD300E,Candidate,NA,NA,NA,27311963,pan-cancer_adult
ZNF677,Candidate,NA,NA,NA,"27311963, 27236916","pan-cancer_adult, papillary_thyroid_cancer"
AADACL4,Candidate,NA,NA,NA,29489754,pan-cancer_paediatric
HNRNPCL1,Candidate,NA,NA,NA,29617667,pan-cancer_adult
OR2W3,Candidate,NA,NA,NA,22895193,colorectal_adenocarcinoma
OR10R2,Candidate,NA,NA,NA,18772397,pancreatic_ductal_adenocarcinoma
KCNT2,Candidate,NA,NA,NA,27311963,pan-cancer_adult
ECT2L,Candidate,NA,NA,NA,"14993899, 27135926, 22237106",NA
EYS,Candidate,NA,NA,NA,"23525077, 20668451","esophageal_adenocarcinoma, lung_cancer_(all_histologies)"
MACC1,OCG,oncogene,NA,NA,"14993899, 27236916",NA
DGAT2L6,Candidate,NA,NA,NA,27311963,pan-cancer_adult
LRRTM1,Candidate,NA,NA,NA,21798893,squamous_head_and_neck_cancer
CTU2,Candidate,NA,NA,NA,27311963,pan-cancer_adult
C22orf34,Candidate,NA,NA,NA,27064257,"hepatocellular_carcinoma, cholangiocarcinoma"
HCN1,Candidate,NA,NA,NA,22941188,small_cell_lung_cancer
WDR86,Candidate,NA,NA,NA,27149842,colorectal_adenocarcinoma
ZNF429,Candidate,NA,NA,NA,14993899,NA
LCE1D,Candidate,NA,NA,NA,31444325,multiple_myeloma
KRTAP12-1,Candidate,NA,NA,NA,21499247,melanoma
GPR141,Candidate,NA,NA,NA,27311963,pan-cancer_adult
RFLNB,Candidate,NA,NA,NA,28362259,pan-cancer_adult
IRF2BP2,Candidate,NA,NA,NA,"30606723, 26437031, 27135926","dlblc, follicular_lymphoma, T-cell_leukemia/lymphoma, breast_cancer"
NDUFS7,Candidate,NA,NA,NA,30755618,bladder_cancer
FAM111B,Candidate,NA,NA,NA,22138691,clear_cell_renal_cancer
LRRC37A3,Candidate,NA,NA,NA,26091043,melanoma
CCDC178,Candidate,NA,NA,NA,22922871,hepatocellular_carcinoma
SBSN,Candidate,NA,NA,NA,28479318,cutaneous_DLBCL
PEAR1,Candidate,NA,NA,NA,22156295,pancreatic_ductal_adenocarcinoma
ANKRD36,Candidate,NA,NA,NA,24120142,glioblastoma
CATIP,Candidate,NA,NA,NA,27311963,pan-cancer_adult
AQP12A,Candidate,NA,NA,NA,26451490,breast_cancer
C3orf62,Candidate,NA,NA,NA,30718927,esophageal_adenocarcinoma
MAST4,Candidate,NA,NA,NA,27311963,pan-cancer_adult
ERCC6L2,Candidate,NA,NA,NA,27311963,pan-cancer_adult
PNPLA7,Candidate,NA,NA,NA,22158541,chronic_lymphocytic_leukemia
KCTD8,Candidate,NA,NA,NA,21798893,squamous_head_and_neck_cancer
TMEM179,Candidate,NA,NA,NA,27311963,pan-cancer_adult
TNFAIP8L3,Candidate,NA,NA,NA,27311963,pan-cancer_adult
TMEM220,Candidate,NA,NA,NA,25609015,testicular_germ_cell_cancer
POTEC,Candidate,NA,NA,NA,21499247,melanoma
ZNF728,Candidate,NA,NA,NA,28362259,pan-cancer_adult
RPSAP58,Candidate,NA,NA,NA,27311963,pan-cancer_adult
RNF207,Candidate,NA,NA,NA,22156295,pancreatic_ductal_adenocarcinoma
LDLRAD1,Candidate,NA,NA,NA,21499247,melanoma
HRNR,Candidate,NA,NA,NA,26451490,breast_cancer
LRRC75B,Candidate,NA,NA,NA,27311963,pan-cancer_adult
PLEKHM3,Candidate,NA,NA,NA,27311963,pan-cancer_adult
RESP18,Candidate,NA,NA,NA,28362259,pan-cancer_adult
CDHR4,Candidate,NA,NA,NA,29622466,pan-gastric
PSMG4,Candidate,NA,NA,NA,28362259,pan-cancer_adult
GFRAL,Candidate,NA,NA,NA,28362259,pan-cancer_adult
MAFA,Candidate,NA,NA,NA,21798893,squamous_head_and_neck_cancer
OR51I2,Candidate,NA,NA,NA,21499247,melanoma
OR52E8,Candidate,NA,NA,NA,21499247,melanoma
OR8K1,Candidate,NA,NA,NA,21798893,squamous_head_and_neck_cancer
OR9G1,Candidate,NA,NA,NA,28362259,pan-cancer_adult
OR10G7,Candidate,NA,NA,NA,22941188,small_cell_lung_cancer
OR4K17,Candidate,NA,NA,NA,28362259,pan-cancer_adult
OR7G3,Candidate,NA,NA,NA,28362259,pan-cancer_adult
FAM221B,Candidate,NA,NA,NA,28362259,pan-cancer_adult
SNX19,Candidate,NA,NA,NA,27325650,penile_squamous_cancer
PRAMEF4,Candidate,NA,NA,NA,28362259,pan-cancer_adult
FAM177B,Candidate,NA,NA,NA,30606723,"dlblc, follicular_lymphoma"
ANKRD36C,Candidate,NA,NA,NA,29590631,meningioma
FSIP2,Candidate,NA,NA,NA,27311963,pan-cancer_adult
DTHD1,Candidate,NA,NA,NA,27009842,neuroblastoma
FAM166A,Candidate,NA,NA,NA,24390350,pan-cancer_adult
OR2A42,Candidate,NA,NA,NA,21499247,melanoma
OR2T35,Candidate,NA,NA,NA,28249600,acute_myeloid_leukemia
TBC1D3B,Candidate,NA,NA,NA,26091043,melanoma
VCX3B,Candidate,NA,NA,NA,22622578,melanoma
KRTAP5-5,Candidate,NA,NA,NA,22343534,diffuse_large_B-cell_lymphoma
KRTAP5-11,Candidate,NA,NA,NA,27064257,"hepatocellular_carcinoma, cholangiocarcinoma"
H3-5,Candidate,NA,NA,NA,"29625053, 24132290, 21798893","pan-cancer_adult, pan-cancer_adult, squamous_head_and_neck_cancer"
EIF2AK4,Candidate,NA,NA,NA,20399149,glioblastoma
UNC13C,Candidate,NA,NA,NA,"18772397, 22158541, 24952744","pancreatic_ductal_adenocarcinoma, chronic_lymphocytic_leukemia, esophageal_adenocarcinoma"
MARCHF11,Candidate,NA,NA,NA,27311963,pan-cancer_adult
CALHM6,Candidate,NA,NA,NA,27311963,pan-cancer_adult
TYW1B,Candidate,NA,NA,NA,28362259,pan-cancer_adult
FRG2B,Candidate,NA,NA,NA,28362259,pan-cancer_adult
OR9K2,Candidate,NA,NA,NA,28362259,pan-cancer_adult
GALNTL6,Candidate,NA,NA,NA,27311963,pan-cancer_adult
PTCHD4,Candidate,NA,NA,NA,29489754,pan-cancer_paediatric
OR2A2,Candidate,NA,NA,NA,21499247,melanoma
FOXB2,Candidate,NA,NA,NA,28256603,nasopharyngeal_carcinoma
FAM47C,Candidate,NA,NA,NA,14993899,NA
CBWD3,Candidate,NA,NA,NA,29625053,pan-cancer_adult
LRRC18,Candidate,NA,NA,NA,29622466,pan-gastric
SPANXN1,Candidate,NA,NA,NA,27311963,pan-cancer_adult
SPANXN2,Candidate,NA,NA,NA,22037554,gastric_adenocarcinoma
DUXA,Candidate,NA,NA,NA,28064239,follicular_lymphoma
ANKRD30BL,Candidate,NA,NA,NA,28362259,pan-cancer_adult
UGT2A2,Candidate,NA,NA,NA,27311963,pan-cancer_adult
TMEM253,Candidate,NA,NA,NA,27064257,"hepatocellular_carcinoma, cholangiocarcinoma"
CCDC168,Candidate,NA,NA,NA,"25790038, 28551381","papillary_renal_cell_carcinoma, colorectal_adenocarcinoma"
PPIAL4G,Candidate,NA,NA,NA,26091043,melanoma
ARRDC5,Candidate,NA,NA,NA,26790612,squamous_head_and_neck_cancer
LYPD8,Candidate,NA,NA,NA,28362259,pan-cancer_adult
TEX22,Candidate,NA,NA,NA,28467829,melanoma
PRB2,Candidate,NA,NA,NA,25961940,acute_lymphoblastic_leukemia
RGPD3,Candidate,NA,NA,NA,14993899,NA
ZG16,Candidate,NA,NA,NA,28479318,cutaneous_DLBCL
GOLGA6L6,Candidate,NA,NA,NA,22622578,melanoma
MROH1,Candidate,NA,NA,NA,29354286,pan-cancer_adult
ANXA8L1,Candidate,NA,NA,NA,28362259,pan-cancer_adult
CLEC19A,Candidate,NA,NA,NA,23000897,breast_cancer
CDK11A,Candidate,NA,NA,NA,29617667,pan-cancer_adult
FAM72D,Candidate,NA,NA,NA,27325650,penile_squamous_cancer
NBPF8,Candidate,NA,NA,NA,27311963,pan-cancer_adult
CCDC61,Candidate,NA,NA,NA,26941397,papillary_thyroid_cancer
ZNF814,Candidate,NA,NA,NA,"27311963, 30755618","pan-cancer_adult, bladder_cancer"
ZNF717,Candidate,NA,NA,NA,28362259,pan-cancer_adult
INSYN2B,Candidate,NA,NA,NA,30718927,esophageal_adenocarcinoma
MEF2B,Candidate,NA,NA,NA,"28064239, 22343534, 21796119, 24362818, 21804550","follicular_lymphoma, diffuse_large_B-cell_lymphoma, non-Hodgkin_lymphoma, follicular_lymphoma, diffuse_large_B-cell_lymphoma"
ZNF605,Candidate,NA,NA,NA,28128360,pan-cancer_adult
IGLL5,Candidate,NA,NA,NA,"30606723, 26466571, 26608593, 28479318, 31444325, 31558468, 31558468, 32024818","dlblc, follicular_lymphoma, chronic_lymphocytic_leukemia, diffuse_large_B-cell_lymphoma, cutaneous_DLBCL, multiple_myeloma, burkitt lymphoma, burkitt lymphoma, pan-cancer_adult"
TMEM210,Candidate,NA,NA,NA,27311963,pan-cancer_adult
C8orf44-SGK3,Candidate,NA,NA,NA,28362259,pan-cancer_adult